-- phpMyAdmin SQL Dump
-- version 5.2.1
-- https://www.phpmyadmin.net/
--
-- Host: localhost
-- Generation Time: Jul 30, 2023 at 06:07 AM
-- Server version: 10.10.5-MariaDB-1:10.10.5+maria~deb11
-- PHP Version: 7.4.33

SET SQL_MODE = "NO_AUTO_VALUE_ON_ZERO";
START TRANSACTION;
SET time_zone = "+00:00";


/*!40101 SET @OLD_CHARACTER_SET_CLIENT=@@CHARACTER_SET_CLIENT */;
/*!40101 SET @OLD_CHARACTER_SET_RESULTS=@@CHARACTER_SET_RESULTS */;
/*!40101 SET @OLD_COLLATION_CONNECTION=@@COLLATION_CONNECTION */;
/*!40101 SET NAMES utf8mb4 */;

--
-- Database: `xb2535_db1`
--
CREATE DATABASE IF NOT EXISTS `xb2535_db1` DEFAULT CHARACTER SET latin1 COLLATE latin1_swedish_ci;
USE `xb2535_db1`;

-- --------------------------------------------------------

--
-- Table structure for table `Competitions`
--

CREATE TABLE `Competitions` (
  `id` varchar(32) NOT NULL DEFAULT '',
  `name` varchar(50) NOT NULL DEFAULT '',
  `cityName` varchar(50) NOT NULL DEFAULT '',
  `countryId` varchar(50) NOT NULL DEFAULT '',
  `information` mediumtext DEFAULT NULL,
  `reports` mediumtext DEFAULT NULL,
  `multimedia` mediumtext DEFAULT NULL,
  `articles` mediumtext DEFAULT NULL,
  `comments` mediumtext DEFAULT NULL,
  `year` smallint(5) UNSIGNED NOT NULL DEFAULT 0,
  `month` smallint(5) UNSIGNED NOT NULL DEFAULT 0,
  `day` smallint(5) UNSIGNED NOT NULL DEFAULT 0,
  `endMonth` smallint(5) UNSIGNED NOT NULL DEFAULT 0,
  `endDay` smallint(5) UNSIGNED NOT NULL DEFAULT 0,
  `eventIds` varchar(200) NOT NULL DEFAULT '',
  `wcaDelegate` varchar(240) NOT NULL DEFAULT '',
  `organiser` varchar(200) NOT NULL DEFAULT '',
  `venue` varchar(200) NOT NULL DEFAULT '',
  `venueAddress` varchar(120) DEFAULT NULL,
  `venueDetails` varchar(120) DEFAULT NULL,
  `website` varchar(200) DEFAULT NULL,
  `cellName` varchar(45) NOT NULL DEFAULT ''
) ENGINE=MyISAM DEFAULT CHARSET=utf8mb3 COLLATE=utf8mb3_unicode_ci;

--
-- Dumping data for table `Competitions`
--

INSERT INTO `Competitions` (`id`, `name`, `cityName`, `countryId`, `information`, `reports`, `multimedia`, `articles`, `comments`, `year`, `month`, `day`, `endMonth`, `endDay`, `eventIds`, `wcaDelegate`, `organiser`, `venue`, `venueAddress`, `venueDetails`, `website`, `cellName`) VALUES
('WC2003', 'World Rubik\'s Games Championship 2003', 'Toronto, Ontario', 'Canada', ' ', '', '', '', '', 2003, 8, 23, 0, 24, '333si', '', '', '', '', '', '', 'World Championship 2003'),
('SwedishCubeday2005', 'Swedish Cube Day 2005', 'Uppsala', 'Sweden', ' ', '', '', '', '', 2005, 12, 11, 0, 0, '333ni 222oh magico', '', '', '', '', '', '', 'Swedish Cube Day 2005'),
('WC2005', 'Rubik\'s World Championship 2005', 'Lake Buena Vista, Florida', 'USA', ' ', '', '', '', '', 2005, 11, 5, 0, 6, '333sbf magico', '', '', '', '', '', '', 'World Championship 2005'),
('DutchOpen2005', 'Dutch Open 2005', 'Eindhoven', 'Netherlands', ' ', '', '', '', '', 2005, 10, 16, 0, 0, '333sbf', '', '', '', '', '', '', 'Dutch Open 2005'),
('SwedishOpen2005', 'Swedish Open 2005', 'Stockholm', 'Sweden', ' ', '', '', '', '', 2005, 9, 10, 0, 11, '333ni 333sbf', '', '', '', '', '', '', 'Swedish Open 2005'),
('ChalmersOpen2005', 'Chalmers Open 2005', 'Gothenburg', 'Sweden', ' ', '', '', '', '', 2005, 6, 5, 0, 0, '333sbf', '', '', '', '', '', '', 'Chalmers Open 2005'),
('HoraceMann2005', 'Horace Mann Spring competition 2005', 'Riverdale, New York', 'USA', ' ', '', '', '', '', 2005, 5, 28, 0, 0, 'rainb', '', '', '', '', '', '', 'Horace Mann 2005'),
('Svekub2005', 'SveKub Annual Meeting competition 2005', 'Uppsala', 'Sweden', ' ', '', '', '', '', 2005, 3, 27, 0, 0, '333ni', '', '', '', '', '', '', 'Svekub 2005'),
('SwedishCubeDay2006', 'Swedish Cube Day 2006', 'Uppsala', 'Sweden', ' ', '', '', '', '', 2006, 12, 3, 0, 0, '333sbf 333si snake', '', '', '', '', '', '', 'Swedish Cube Day 2006'),
('SwedishOpen2006', 'Swedish Open 2006', 'Södertälje', 'Sweden', '', '', '', '', '', 2006, 10, 21, 0, 22, '333sbf 333ni 333si 222oh', '', '', '', '', '', '', 'Swedish Open 2006'),
('DutchOpen2006', 'Dutch Open 2006', 'Delft', 'Netherlands', ' ', '', '', '', '', 2006, 10, 14, 0, 15, '333sbf', '', '', '', '', '', '', 'Dutch Open 2006'),
('Euro2006', 'European Rubik\'s Cube Championship 2006', 'Paris', 'France', ' ', '', '', '', '', 2006, 9, 23, 0, 24, '333sbf', '', '', '', '', '', '', 'Europe 2006'),
('PolishOpen2006', 'Polish Open 2006', 'Wadowice', 'Poland', ' ', '', '', '', '', 2006, 9, 16, 0, 17, '333sbf', '', '', '', '', '', '', 'Polish Open 2006'),
('CzechOpen2006', 'Czech Open 2006', 'Pardubice', 'Czech Republic', ' ', '', '', '', '', 2006, 7, 23, 0, 0, 'sbf', '', '', '', '', '', '', 'Czech Open 2006'),
('Svekub2006', 'SveKub Annual Meeting competition 2006', 'Norrköping', 'Sweden', ' ', '', '', '', '', 2006, 3, 18, 0, 19, '333ni 333row 222oh', '', '', '', '', '', '', 'Svekub 2006'),
('SwedishCubeDay2007', 'Swedish Cube Day 2007', 'Kungsängen', 'Sweden', ' ', '', '', '', '', 2007, 12, 15, 0, 0, 'snake 222oh', '', '', '', '', '', '', 'Swedish Cube Day 2007'),
('FinnishOpen2007', 'Finnish Open 2007', 'Helsinki', 'Finland', ' ', '', '', '', '', 2007, 8, 18, 0, 19, 'snake', '', '', '', '', '', '', 'Finnish Open 2007'),
('HelsinkiOpen2007', 'Helsinki Open 2007', 'Helsinki', 'Finland', ' ', '', '', '', '', 2007, 1, 13, 0, 0, '333sbf snake', '', '', '', '', '', '', 'Helsinki Open 2007'),
('TampereOpen2008', 'Tampere Open 2008', 'Tampere', 'Finland', ' ', '', '', '', '', 2008, 10, 25, 10, 25, 'snake', '', '', '', '', '', '', 'Tampere Open 2008'),
('HungarianOpen2008', 'Hungarian Open 2008', 'Budapest', 'Hungary', '', '', '', '', '', 2008, 10, 25, 10, 26, '666 777', '', '', '', '', '', '', 'Hungarian Open 2008'),
('TheHagueOpen2008', 'The Hague Open 2008', 'The Hague', 'Netherlands', ' ', '', '', '', '', 2008, 11, 29, 11, 29, '666 777', '', '', '', '', '', '', 'The Hague Open 2008'),
('SwedishCubeDay2008', 'Swedish Cube Day 2008', 'Kungsängen', 'Sweden', ' ', '', '', '', '', 2008, 12, 6, 12, 6, 'snake 234 222oh', '', '', '', '', '', '', 'Swedish Cube Day 2008'),
('KanazawaOpen2008', 'Kanazawa Open 2008', 'Kanazawa', 'Japan', '', '', '', '', '', 2008, 12, 20, 12, 20, 'mirbl', '', '', '', '', '', '', 'Kanazawa Open 2008'),
('ClermontOpen2008', 'Clermont Open 2008', 'Clermont-Ferrand', 'France', ' ', '', '', '', '', 2008, 12, 20, 12, 20, '333ni', '', '', '', '', '', '', 'Clermont Open 2008'),
('HelsinkiOpen2008', 'Helsinki Open 2008', 'Helsinki', 'Finland', ' ', '', '', '', '', 2008, 2, 23, 0, 0, 'snake', '', '', '', '', '', '', 'Helsinki Open 2008'),
('Vastervik2008', 'Västervik Cube Meeting 2008', 'Västervik', 'Sweden', ' ', '', '', '', '', 2008, 3, 8, 0, 0, 'snake', '', '', '', '', '', '', 'Västervik 2008'),
('OsakaOpen2008', 'Osaka Open 2008', 'Osaka', 'Japan', ' ', '', '', '', '', 2008, 3, 29, 3, 29, 'skewb', '', '', '', '', '', '', 'Osaka Open 2008'),
('MinnesotaOpen2008', 'Minnesota Open 2008', 'Rochester, Minnesota', 'USA', ' ', '', '', '', '', 2008, 6, 21, 6, 21, 'skewb', '', '', '', '', '', '', 'Minnesota Open 2008'),
('FinnishOpen2008', 'Finnish Open 2008', 'Helsinki', 'Finland', '', '', '', '', '', 2008, 7, 19, 7, 20, 'snake', '', '', '', '', '', '', 'Finnish Open 2008'),
('SwedishOpen2008', 'Swedish Open 2008', 'Rosersberg (Stockholm)', 'Sweden', ' ', '', '', '', '', 2008, 9, 6, 9, 7, '222bf 333ni snake 666 777 333r3', '', '', '', '', '', '', 'Swedish Open 2008'),
('BrusselsSummerOpen2008', 'Brussels Summer Open 2008', 'Brussels', 'Belgium', ' ', '', '', '', '', 2008, 9, 6, 9, 7, '666 777', '', '', '', '', '', '', 'Brussels Summer Open 2008'),
('DutchOpen2008', 'Dutch Open 2008', 'Eindhoven', 'Netherlands', ' ', '', '', '', '', 2008, 10, 18, 10, 18, '666 777', '', '', '', '', '', '', 'Dutch Open 2008'),
('AachenOpen2009', 'Aachen Open 2009', 'Aachen', 'Germany', ' ', '', '', '', '', 2009, 1, 10, 1, 11, '666 777', '', '', '', '', '', '', 'Aachen Open 2009'),
('SandoOpen2009', 'Sandö Open 2009', 'Sandö', 'Sweden', '', '', '', '', '', 2009, 1, 17, 1, 17, 'snake', '', '', '', '', '', '', 'Sandö Open 2009'),
('SwissOpen2009', 'Swiss Open 2009', 'Lausanne', 'Switzerland', ' ', '', '', '', '', 2009, 1, 31, 2, 1, '666', '', '', '', '', '', '', 'Swiss Open 2009'),
('GalantaOpen2009', 'Galanta Open 2009', 'Galanta', 'Slovakia', ' ', '', '', '', '', 2009, 1, 31, 2, 1, '666 777', '', '', '', '', '', '', 'Galanta Open 2009'),
('BelgianOpen2009', 'Belgian Open 2009', 'Brussels', 'Belgium', ' ', '', '', '', '', 2009, 2, 28, 3, 1, 'magicc magicc magccc snake', '', '', '', '', '', '', 'Belgian Open 2009'),
('TwinCities2009', 'Twin Cities 2009', 'Minneapolis, Minnesota', 'USA', ' ', '', '', '', '', 2009, 2, 28, 2, 28, 'skewb sq1bf', '', '', '', '', '', '', 'Twin Cities 2009'),
('MurciaOpen2009', 'Murcia Open 2009', 'Murcia', 'Spain', ' ', '', '', '', '', 2009, 2, 28, 2, 28, 'mirbbf', '', '', '', '', '', '', 'Murcia Open 2009'),
('HelsinkiOpen2009', 'Helsinki Open 2009', 'Helsinki', 'Finland', ' ', '', '', '', '', 2009, 3, 7, 3, 7, 'snake', '', '', '', '', '', '', 'Helsinki Open 2009'),
('OsakaOpen2009', 'Osaka Open 2009', 'Osaka', 'Japan', ' ', '', '', '', '', 2009, 3, 28, 3, 28, 'mirbl', '', '', '', '', '', '', 'Osaka Open 2009'),
('VasterasOpen2009', 'Västeras Open 2009', 'Västeras', 'Sweden', '', '', '', '', '', 2009, 4, 25, 4, 25, '333ni snake', '', '', '', '', '', '', 'Västeras Open 2009'),
('UKMasters2009', 'UK Masters 2009', 'Swindon', 'United Kingdom', ' ', '', '', '', '', 2009, 7, 11, 7, 12, '3sc', '', '', '', '', '', '', 'UK Masters 2009'),
('AuroraSummer2009', 'Aurora Summer 2009', 'Aurora, Colorado', 'USA', ' ', '', '', '', '', 2009, 7, 18, 7, 18, 'sq1bf', '', '', '', '', '', '', 'Aurora Summer 2009'),
('HoustonOpen2009', 'Houston Open 2009', 'Richmond, Texas', 'USA', ' ', '', '', '', '', 2009, 8, 1, 8, 1, 'sq1bf', '', '', '', '', '', '', 'Houston Open 2009'),
('DauphineOpen2009', 'Dauphiné Open 2009', 'Lancey', 'France', ' ', '', '', '', '', 2009, 8, 8, 8, 9, '360', '', '', '', '', '', '', 'Dauphiné Open 2009'),
('WC2009', 'World Rubik\'s Cube Championship 2009', 'Düsseldorf', 'Germany', ' ', '', '', '', '', 2009, 10, 9, 10, 11, '360', '', '', '', '', '', '', 'World Rubik\'s Cube Championship 2009'),
('BrusselsSummerOpen2009', 'Brussels Summer Open 2009', 'Brussels', 'Belgium', ' ', '', '', '', '', 2009, 9, 12, 9, 13, 'magicc magccc magicb', '', '', '', '', '', '', 'Brussels Summer Open 2009'),
('UtahFall2009', 'Utah Cubing Fall Open 2009', 'Salt Lake City, Utah', 'USA', ' ', '', '', '', '', 2009, 12, 12, 12, 12, 'sq1bf', '', '', '', '', '', '', 'Utah Fall 2009'),
('ObeiObeiOpen2009', 'Obei Obei Open 2009', 'Corsico', 'Italy', ' ', '', '', '', '', 2009, 12, 7, 12, 7, '360', '', '', '', '', '', '', 'Obei Obei Open 2009'),
('SwedishCubeDay2009', 'Swedish Cube Day 2009', 'Kungsängen', 'Sweden', '', '', '', '', '', 2009, 12, 5, 12, 6, 'snake', '', '', '', '', '', '', 'Swedish Cube Day 2009'),
('ClermontOpen2009', 'Clermont Open 2009', 'Dallet', 'France', NULL, NULL, NULL, NULL, NULL, 2009, 12, 19, 12, 20, '333ni', '', '', '', NULL, NULL, NULL, 'Clermont Open 2009'),
('AachenOpen2010', 'Aachen Open 2010', 'Aachen', 'Germany', NULL, NULL, NULL, NULL, NULL, 2010, 1, 16, 1, 17, '360', '', '', '', NULL, NULL, NULL, 'Aachen Open 2010'),
('UKOpen2009', 'UK Open 2009', 'Manchester', 'United Kingdom', NULL, NULL, NULL, NULL, NULL, 2009, 11, 7, 11, 7, '360', '', '', '', NULL, NULL, NULL, 'UK Open 2009'),
('StanfordSpring2010', 'Stanford Spring 2010', 'Stanford, California', 'USA', NULL, NULL, NULL, NULL, NULL, 2010, 5, 23, 5, 23, 'skewb', '', '', '', NULL, NULL, NULL, 'Stanford Spring 2010'),
('SkarupSpring2010', 'Skårup Spring 2010', 'Skårup', 'Denmark', NULL, NULL, NULL, NULL, NULL, 2010, 4, 25, 4, 25, '333r3', '', '', '', NULL, NULL, NULL, 'Skårup Spring 2010'),
('BerkeleySpring2010', 'Berkeley Spring 2010', 'Berkeley, California', 'USA', NULL, NULL, NULL, NULL, NULL, 2010, 5, 24, 5, 24, 'sq1bf', '', '', '', NULL, NULL, NULL, 'Berkeley Spring 2010'),
('MunichOpen2010', 'Munich Open 2010', 'Munchen', 'Germany', NULL, NULL, NULL, NULL, NULL, 2010, 10, 9, 10, 10, 'mirbl mstmo', 'Sébastien Auroux', 'Munich Open Team', 'Haus International', NULL, NULL, NULL, 'Munich Open 2010'),
('EastGermanOpen2010', 'East German Open 2010', 'Dresden', 'Germany', NULL, NULL, NULL, NULL, NULL, 2010, 8, 14, 8, 15, 'mstmo', 'Sebastien Auroux', 'Ludwig Fichte', 'Fakultät Informatik der TU Dresden', NULL, NULL, NULL, 'East German Open 2010'),
('DusseldorfOpen2010', 'Düsseldorf Open 2010', 'Düsseldorf', 'Germany', NULL, NULL, NULL, NULL, NULL, 2010, 7, 24, 7, 25, 'mstmo', 'Sébastien Auroux', 'Düsseldorf Cubing Team', 'Gemeindehaus der Evangelischen Gemeinde Unterrath', NULL, NULL, NULL, 'Düsseldorf Open 2010'),
('VCUBESpiel2010', 'V-CUBE Spiel 2010', 'Essen', 'Germany', NULL, NULL, NULL, NULL, NULL, 2010, 10, 23, 10, 24, 'illus', 'Sébastien Auroux', 'Sébastien Auroux', 'Messe Essen', NULL, NULL, NULL, 'V-CUBE Spiel 2010'),
('UtahSummer2010', 'Utah Summer 2010', 'Salt Lake City, Utah', 'USA', NULL, NULL, NULL, NULL, NULL, 2010, 8, 28, 8, 28, 'sq1bf', 'Michael Young', 'Michael Young', 'University of Utah, Warnock Engineering Building', NULL, NULL, NULL, 'Utah Summer 2010'),
('GaleriesLafayetteOpen2010', 'Galeries Lafayette Open 2010', 'Paris', 'France', NULL, NULL, NULL, NULL, NULL, 2010, 9, 3, 9, 3, '360', 'Jean-Louis', 'Jean-Louis and Sylviane MATHIEU', 'Galeries Lafayette', NULL, NULL, NULL, 'Galeries Lafayette Open 2010'),
('FinnishOpen2010', 'Finnish Open 2010', 'Helsinki', 'Finland', NULL, NULL, NULL, NULL, NULL, 2010, 9, 28, 9, 29, 'snake skewb', 'Petri Vanhala', 'Speedcubing Finland', 'Kontulan toimintakeskus Luuppi', NULL, NULL, NULL, 'Finnish Open 2010'),
('OhioOpen2010', 'Ohio Open 2010', 'Columbus, Ohio', 'USA', NULL, NULL, NULL, NULL, NULL, 2010, 6, 5, 6, 5, 'skewb', 'Jim Mertens', 'Jim Mertens', 'Ohio State University', NULL, NULL, NULL, 'Ohio Open 2010');

-- --------------------------------------------------------

--
-- Table structure for table `ConciseAverageResults`
--

CREATE TABLE `ConciseAverageResults` (
  `id` int(11) NOT NULL DEFAULT 0,
  `average` int(11) NOT NULL DEFAULT 0,
  `valueAndId` bigint(17) NOT NULL DEFAULT 0,
  `personId` varchar(10) CHARACTER SET utf8mb3 COLLATE utf8mb3_unicode_ci NOT NULL DEFAULT '',
  `eventId` varchar(6) CHARACTER SET utf8mb3 COLLATE utf8mb3_unicode_ci NOT NULL DEFAULT '',
  `countryId` varchar(50) CHARACTER SET utf8mb3 COLLATE utf8mb3_unicode_ci NOT NULL DEFAULT '',
  `continentId` varchar(50) CHARACTER SET utf8mb3 COLLATE utf8mb3_unicode_ci NOT NULL DEFAULT '',
  `year` smallint(5) UNSIGNED NOT NULL DEFAULT 0,
  `month` smallint(5) UNSIGNED NOT NULL DEFAULT 0,
  `day` smallint(5) UNSIGNED NOT NULL DEFAULT 0
) ENGINE=MyISAM DEFAULT CHARSET=utf8mb3 COLLATE=utf8mb3_general_ci;

--
-- Dumping data for table `ConciseAverageResults`
--

INSERT INTO `ConciseAverageResults` (`id`, `average`, `valueAndId`, `personId`, `eventId`, `countryId`, `continentId`, `year`, `month`, `day`) VALUES
(10380, 29449, 29449000010380, '2009WHIT01', '360', 'United Kingdom', '_Europe', 2009, 11, 7),
(10457, 27125, 27125000010457, '2006PIRZ01', 'illus', 'Germany', '_Europe', 2010, 10, 23),
(10456, 26423, 26423000010456, '2009KONI03', 'illus', 'Germany', '_Europe', 2010, 10, 23),
(10440, 20669, 20669000010440, '2005AKKE01', 'mstmo', 'Netherlands', '_Europe', 2010, 7, 24),
(10435, 20142, 20142000010435, '2010HEPP01', 'mstmo', 'Germany', '_Europe', 2010, 8, 14),
(10463, 19848, 19848000010463, '2010PARK01', 'mirbl', 'USA', '_North America', 2010, 8, 28),
(10439, 19088, 19088000010439, '2009KONI03', 'mstmo', 'Germany', '_Europe', 2010, 7, 24),
(10455, 19014, 19014000010455, '2009OHRN01', 'illus', 'Germany', '_Europe', 2010, 10, 23),
(10454, 18280, 18280000010454, '2009CHRI03', 'illus', 'Germany', '_Europe', 2010, 10, 23),
(10434, 18088, 18088000010434, '2008AURO01', 'mstmo', 'Germany', '_Europe', 2010, 8, 14),
(10438, 16725, 16725000010438, '2004FONN01', 'mstmo', 'Norway', '_Europe', 2010, 7, 24),
(10433, 16260, 16260000010433, '2010WUNS01', 'mstmo', 'Germany', '_Europe', 2010, 8, 14),
(10379, 14889, 14889000010379, '2009LUDL02', '360', 'United Kingdom', '_Europe', 2009, 11, 7),
(10427, 14758, 14758000010427, '2010HUFN01', 'mstmo', 'Germany', '_Europe', 2010, 10, 9),
(10453, 14498, 14498000010453, '2008AURO01', 'illus', 'Germany', '_Europe', 2010, 10, 23),
(10450, 13367, 13367000010450, '2005AKKE01', 'illus', 'Netherlands', '_Europe', 2010, 10, 23),
(10452, 12746, 12746000010452, '2008CABA03', 'illus', 'Poland', '_Europe', 2010, 10, 23),
(10188, 12522, 12522000010188, '2008SUGI01', 'mirbl', 'Japan', '_Asia', 2009, 3, 28),
(10451, 12272, 12272000010451, '2007CICH01', 'illus', 'Poland', '_Europe', 2010, 10, 23),
(10426, 12240, 12240000010426, '2006PIRZ01', 'mstmo', 'Germany', '_Europe', 2010, 10, 9),
(1743, 11037, 11037000001743, '2005GUST01', '333si', 'Sweden', '_Europe', 2006, 10, 21),
(10432, 11035, 11035000010432, '2009LOOS01', 'mstmo', 'Germany', '_Europe', 2010, 8, 14),
(10385, 10853, 10853000010385, '2006CORR01', 'skewb', 'USA', '_North America', 2010, 5, 23),
(10384, 10800, 10800000010384, '2006ADAM01', 'skewb', 'USA', '_North America', 2010, 5, 23),
(10378, 10661, 10661000010378, '2007COOP01', '360', 'United Kingdom', '_Europe', 2009, 11, 7),
(9666, 10551, 10551000009666, '2006JOHA02', '333ni', 'Sweden', '_Europe', 2006, 10, 21),
(1742, 10084, 10084000001742, '2005ASPE01', '333si', 'Sweden', '_Europe', 2006, 10, 21),
(10437, 9868, 9868000010437, '2009BAKA01', 'mstmo', 'Germany', '_Europe', 2010, 7, 24),
(10436, 8805, 8805000010436, '2007VALK01', 'mstmo', 'Netherlands', '_Europe', 2010, 7, 24),
(9645, 8656, 8656000009645, '2006MOLL01', '333ni', 'Sweden', '_Europe', 2006, 3, 18),
(10187, 8241, 8241000010187, '2008SAJI01', 'mirbl', 'Japan', '_Asia', 2009, 3, 28),
(9927, 8208, 8208000009927, '2008STAH01', '333ni', 'Sweden', '_Europe', 2008, 9, 6),
(9713, 8150, 8150000009713, '2007CLAE01', '222oh', 'Sweden', '_Europe', 2007, 12, 15),
(10462, 7966, 7966000010462, '2008XIAN01', 'mirbl', 'USA', '_North America', 2010, 8, 28),
(10186, 7724, 7724000010186, '2007KIUC01', 'mirbl', 'Japan', '_Asia', 2009, 3, 28),
(9926, 7669, 7669000009926, '2006JOHA02', '333ni', 'Sweden', '_Europe', 2008, 9, 6),
(10449, 7616, 7616000010449, '2006HALC01', 'illus', 'Poland', '_Europe', 2010, 10, 23),
(10461, 7600, 7600000010461, '2008LIUE01', 'mirbl', 'USA', '_North America', 2010, 8, 28),
(9736, 7407, 7407000009736, '2005BOEH01', '333ni', 'Sweden', '_Europe', 2005, 9, 10),
(10212, 7313, 7313000010212, '2009JUHL01', '333ni', 'Sweden', '_Europe', 2009, 4, 25),
(10502, 7279, 7279000010502, '2009ROHR01', 'mirbl', 'Austria', '_Europe', 2010, 10, 9),
(10501, 7096, 7096000010501, '2008AURO01', 'mirbl', 'Germany', '_Europe', 2010, 10, 9),
(9925, 6994, 6994000009925, '2007RUND01', '333ni', 'Sweden', '_Europe', 2008, 9, 6),
(10211, 6834, 6834000010211, '2009HAMZ01', '333ni', 'Sweden', '_Europe', 2009, 4, 25),
(10506, 6769, 6769000010506, '2010STAU01', 'mirbl', 'Germany', '_Europe', 2010, 10, 9),
(10505, 6704, 6704000010505, '2010MILL01', 'mirbl', 'Austria', '_Europe', 2010, 10, 9),
(9693, 6687, 6687000009693, '2005BACK01', '333ni', 'Sweden', '_Europe', 2005, 12, 11),
(9924, 6514, 6514000009924, '2005TYLM01', '333ni', 'Sweden', '_Europe', 2008, 9, 6),
(9923, 6491, 6491000009923, '2008ROUR01', '333ni', 'France', '_Europe', 2008, 9, 6),
(10507, 6482, 6482000010507, '2010HOMM01', 'mirbl', 'Germany', '_Europe', 2010, 10, 9),
(9692, 6423, 6423000009692, '2005LANG01', '333ni', 'Sweden', '_Europe', 2005, 12, 11),
(9691, 6376, 6376000009691, '2003WESS01', '333ni', 'Sweden', '_Europe', 2005, 12, 11),
(10504, 6356, 6356000010504, '2010DAOV01', 'mirbl', 'Germany', '_Europe', 2010, 10, 9),
(9922, 6203, 6203000009922, '2008BERG03', '333ni', 'Sweden', '_Europe', 2008, 9, 6),
(7251, 6039, 6039000007251, '2005GREE02', 'rainb', 'USA', '_North America', 2005, 5, 28),
(10365, 5946, 5946000010365, '2009RUFF01', '333ni', 'France', '_Europe', 2009, 12, 19),
(10364, 5912, 5912000010364, '2009KOUR01', '333ni', 'France', '_Europe', 2009, 12, 19),
(10363, 5907, 5907000010363, '2009DEBL01', '333ni', 'France', '_Europe', 2009, 12, 19),
(10494, 5785, 5785000010494, '2008PENT01', 'skewb', 'USA', '_North America', 2010, 6, 5),
(9665, 5542, 5542000009665, '2006JACO01', '333ni', 'Sweden', '_Europe', 2006, 10, 21),
(10173, 5487, 5487000010173, '2007ANDE01', 'skewb', 'USA', '_North America', 2009, 2, 28),
(9732, 5375, 5375000009732, '2005TYLM01', '333ni', 'Sweden', '_Europe', 2005, 9, 10),
(10498, 5307, 5307000010498, '2010HUFN01', 'mirbl', 'Germany', '_Europe', 2010, 10, 9),
(10413, 5273, 5273000010413, '2010LARS03', '333ni', 'Denmark', '_Europe', 2010, 4, 25),
(10460, 5200, 5200000010460, '2008YOUN02', 'mirbl', 'USA', '_North America', 2010, 8, 28),
(10210, 5095, 5095000010210, '2009ANDE03', '333ni', 'Sweden', '_Europe', 2009, 4, 25),
(10493, 5068, 5068000010493, '2010KELM01', 'skewb', 'USA', '_North America', 2010, 6, 5),
(9664, 5051, 5051000009664, '2005GUST01', '333ni', 'Sweden', '_Europe', 2006, 10, 21),
(10412, 4981, 4981000010412, '2010KAMP02', '333ni', 'Denmark', '_Europe', 2010, 4, 25),
(8891, 4927, 4927000008891, '2004KRIG01', '333si', 'Sweden', '_Europe', 2006, 12, 3),
(9712, 4914, 4914000009712, '2003LARS01', '222oh', 'Sweden', '_Europe', 2007, 12, 15),
(9690, 4864, 4864000009690, '2005ORST02', '333ni', 'Sweden', '_Europe', 2005, 12, 11),
(7250, 4852, 4852000007250, '2005DAYN01', 'rainb', 'USA', '_North America', 2005, 5, 28),
(9921, 4841, 4841000009921, '2007KOLL01', '333ni', 'Sweden', '_Europe', 2008, 9, 6),
(10124, 4824, 4824000010124, '2009AXEL02', 'snake', 'Sweden', '_Europe', 2009, 1, 17),
(9689, 4806, 4806000009689, '2005GUST01', '333ni', 'Sweden', '_Europe', 2005, 12, 11),
(9688, 4789, 4789000009688, '2005GUST02', '333ni', 'Sweden', '_Europe', 2005, 12, 11),
(10411, 4766, 4766000010411, '2010DYBD01', '333ni', 'Denmark', '_Europe', 2010, 4, 25),
(9920, 4757, 4757000009920, '2008WING03', '333ni', 'Sweden', '_Europe', 2008, 9, 6),
(10362, 4748, 4748000010362, '2009RUFF02', '333ni', 'France', '_Europe', 2009, 12, 19),
(9730, 4713, 4713000009730, '2004EKLU01', '333ni', 'Sweden', '_Europe', 2005, 9, 10),
(10185, 4662, 4662000010185, '2008TOMI01', 'mirbl', 'Japan', '_Asia', 2009, 3, 28),
(10410, 4539, 4539000010410, '2010JOHA02', '333ni', 'Denmark', '_Europe', 2010, 4, 25),
(9756, 4506, 4506000009756, '2006ARAK02', 'skewb', 'Japan', '_Asia', 2008, 3, 29),
(10209, 4394, 4394000010209, '2003LARS01', '333ni', 'Sweden', '_Europe', 2009, 4, 25),
(10377, 4358, 4358000010377, '2009SMIT05', '360', 'United Kingdom', '_Europe', 2009, 11, 7),
(9729, 4323, 4323000009729, '2004NILS01', '333ni', 'Sweden', '_Europe', 2005, 9, 10),
(10409, 4285, 4285000010409, '2009KRIS02', '333ni', 'Denmark', '_Europe', 2010, 4, 25),
(10500, 4233, 4233000010500, '2010GABR01', 'mirbl', 'Germany', '_Europe', 2010, 10, 9),
(9711, 4200, 4200000009711, '2007HOLM01', '222oh', 'Sweden', '_Europe', 2007, 12, 15),
(10408, 4200, 4200000010408, '2010SVEN01', '333ni', 'Denmark', '_Europe', 2010, 4, 25),
(9687, 4172, 4172000009687, '2005ULFE01', '333ni', 'Sweden', '_Europe', 2005, 12, 11),
(10407, 4164, 4164000010407, '2006BUUS02', '333ni', 'Denmark', '_Europe', 2010, 4, 25),
(10499, 4114, 4114000010499, '2010ASEN01', 'mirbl', 'Germany', '_Europe', 2010, 10, 9),
(10208, 4087, 4087000010208, '2007MOLI01', '333ni', 'Sweden', '_Europe', 2009, 4, 25),
(9919, 4083, 4083000009919, '2008ERDA01', '333ni', 'Sweden', '_Europe', 2008, 9, 6),
(9728, 4021, 4021000009728, '2005ORST01', '333ni', 'Sweden', '_Europe', 2005, 9, 10),
(10054, 4012, 4012000010054, '2006ARAK01', 'mirbl', 'Japan', '_Asia', 2008, 12, 20),
(10207, 3987, 3987000010207, '2005GUST01', '333ni', 'Sweden', '_Europe', 2009, 4, 25),
(10206, 3963, 3963000010206, '2009SERT01', '333ni', 'Sweden', '_Europe', 2009, 4, 25),
(10073, 3948, 3948000010073, '2008LEME01', '333ni', 'France', '_Europe', 2008, 12, 20),
(10050, 3916, 3916000010050, '2007KOLL01', 'snake', 'Sweden', '_Europe', 2008, 12, 6),
(9764, 3888, 3888000009764, '2007ANDE01', 'skewb', 'USA', '_North America', 2008, 6, 21),
(9727, 3880, 3880000009727, '2005ASPE01', '333ni', 'Sweden', '_Europe', 2005, 9, 10),
(10492, 3879, 3879000010492, '2009RIZE01', 'skewb', 'USA', '_North America', 2010, 6, 5),
(9918, 3874, 3874000009918, '2007CLAE02', '333ni', 'Sweden', '_Europe', 2008, 9, 6),
(10406, 3851, 3851000010406, '2010UNDE01', '333ni', 'Denmark', '_Europe', 2010, 4, 25),
(9663, 3851, 3851000009663, '2005GUST02', '333ni', 'Sweden', '_Europe', 2006, 10, 21),
(9662, 3835, 3835000009662, '2005ASPE01', '333ni', 'Sweden', '_Europe', 2006, 10, 21),
(10205, 3829, 3829000010205, '2007BERG01', '333ni', 'Sweden', '_Europe', 2009, 4, 25),
(9685, 3829, 3829000009685, '2005RAND01', '333ni', 'Sweden', '_Europe', 2005, 12, 11),
(10474, 3828, 3828000010474, '2007GOUL01', 'skewb', 'United Kingdom', '_Europe', 2010, 9, 28),
(9917, 3823, 3823000009917, '2007MOLI01', '333ni', 'Sweden', '_Europe', 2008, 9, 6),
(7249, 3812, 3812000007249, '2003PATT01', 'rainb', 'USA', '_North America', 2005, 5, 28),
(10495, 3783, 3783000010495, '2010DEIM01', 'mirbl', 'Germany', '_Europe', 2010, 10, 9),
(10172, 3782, 3782000010172, '2008CHRI01', 'skewb', 'USA', '_North America', 2009, 2, 28),
(10204, 3769, 3769000010204, '2009BERG01', '333ni', 'Sweden', '_Europe', 2009, 4, 25),
(9661, 3711, 3711000009661, '2005ORST01', '333ni', 'Sweden', '_Europe', 2006, 10, 21),
(10496, 3709, 3709000010496, '2009KORB02', 'mirbl', 'Germany', '_Europe', 2010, 10, 9),
(10405, 3651, 3651000010405, '2009JENS03', '333ni', 'Denmark', '_Europe', 2010, 4, 25),
(9726, 3642, 3642000009726, '2004KODR01', '333ni', 'Sweden', '_Europe', 2005, 9, 10),
(9916, 3625, 3625000009916, '2008KJOR01', '333ni', 'Sweden', '_Europe', 2008, 9, 6),
(10203, 3614, 3614000010203, '2009KARL02', '333ni', 'Sweden', '_Europe', 2009, 4, 25),
(9915, 3575, 3575000009915, '2008SKAR01', '333ni', 'Sweden', '_Europe', 2008, 9, 6),
(9660, 3550, 3550000009660, '2006JOHA01', '333ni', 'Sweden', '_Europe', 2006, 10, 21),
(10383, 3545, 3545000010383, '2009LEST01', 'skewb', 'USA', '_North America', 2010, 5, 23),
(10497, 3537, 3537000010497, '2010HAFN01', 'mirbl', 'Germany', '_Europe', 2010, 10, 9),
(10027, 3521, 3521000010027, '2003LARS01', '222oh', 'Sweden', '_Europe', 2008, 12, 6),
(9659, 3482, 3482000009659, '2006BLOM01', '333ni', 'Sweden', '_Europe', 2006, 10, 21),
(10473, 3480, 3480000010473, '2005GUST02', 'skewb', 'Sweden', '_Europe', 2010, 9, 28),
(9658, 3479, 3479000009658, '2006LECK01', '333ni', 'Sweden', '_Europe', 2006, 10, 21),
(9650, 3471, 3471000009650, '2004FRED01', '333ni', 'Sweden', '_Europe', 2005, 3, 27),
(9641, 3450, 3450000009641, '2005KOHN01', '333ni', 'Germany', '_Europe', 2006, 3, 18),
(9914, 3418, 3418000009914, '2005GUST02', '333ni', 'Sweden', '_Europe', 2008, 9, 6),
(10026, 3415, 3415000010026, '2003VAND01', '222oh', 'Belgium', '_Europe', 2008, 12, 6),
(9913, 3403, 3403000009913, '2005GUST01', '333ni', 'Sweden', '_Europe', 2008, 9, 6),
(10072, 3380, 3380000010072, '2008COUR01', '333ni', 'France', '_Europe', 2008, 12, 20),
(9649, 3338, 3338000009649, '2004HERM01', '333ni', 'Sweden', '_Europe', 2005, 3, 27),
(9912, 3310, 3310000009912, '2007CHRI02', '333ni', 'Denmark', '_Europe', 2008, 9, 6),
(9763, 3307, 3307000009763, '2003BURT01', 'skewb', 'USA', '_North America', 2008, 6, 21),
(10491, 3284, 3284000010491, '2006NORS01', 'skewb', 'USA', '_North America', 2010, 6, 5),
(9755, 3264, 3264000009755, '2006OKAY01', 'skewb', 'Japan', '_Asia', 2008, 3, 29),
(9677, 3250, 3250000009677, '2004KRIG02', '222oh', 'Sweden', '_Europe', 2006, 10, 21),
(10071, 3243, 3243000010071, '2008GYAN01', '333ni', 'United Kingdom', '_Europe', 2008, 12, 20),
(10053, 3233, 3233000010053, '2008MATS02', 'mirbl', 'Japan', '_Asia', 2008, 12, 20),
(10202, 3231, 3231000010202, '2008LIDS01', '333ni', 'Sweden', '_Europe', 2009, 4, 25),
(10160, 3110, 3110000010160, '2007LEMO01', 'snake', 'France', '_Europe', 2009, 2, 28),
(10404, 3085, 3085000010404, '2010BECK01', '333ni', 'Denmark', '_Europe', 2010, 4, 25),
(9911, 3075, 3075000009911, '2007HOLM02', '333ni', 'Sweden', '_Europe', 2008, 9, 6),
(10167, 3045, 3045000010167, '2004GALL02', 'magicc', 'France', '_Europe', 2009, 2, 28),
(10171, 3038, 3038000010171, '2008JOHN02', 'skewb', 'USA', '_North America', 2009, 2, 28),
(9910, 3036, 3036000009910, '2008SORM01', '333ni', 'Sweden', '_Europe', 2008, 9, 6),
(10403, 3033, 3033000010403, '2010SHAP01', '333ni', 'Denmark', '_Europe', 2010, 4, 25),
(10070, 3018, 3018000010070, '2007DESM01', '333ni', 'France', '_Europe', 2008, 12, 20),
(10201, 3015, 3015000010201, '2009OLOF01', '333ni', 'Sweden', '_Europe', 2009, 4, 25),
(9647, 2989, 2989000009647, '2004BERG01', '333ni', 'Sweden', '_Europe', 2005, 3, 27),
(10069, 2959, 2959000010069, '2007DJIA01', '333ni', 'France', '_Europe', 2008, 12, 20),
(9725, 2957, 2957000009725, '2005GAIN01', '333ni', 'Sweden', '_Europe', 2005, 9, 10),
(8897, 2948, 2948000008897, '2005GUST02', 'snake', 'Sweden', '_Europe', 2006, 12, 3),
(10200, 2924, 2924000010200, '2007HOLM02', '333ni', 'Sweden', '_Europe', 2009, 4, 25),
(10170, 2915, 2915000010170, '2006NORS01', 'skewb', 'USA', '_North America', 2009, 2, 28),
(10199, 2908, 2908000010199, '2009ANDE02', '333ni', 'Sweden', '_Europe', 2009, 4, 25),
(9657, 2904, 2904000009657, '2006OHMA01', '333ni', 'Sweden', '_Europe', 2006, 10, 21),
(9754, 2878, 2878000009754, '2005TAKA01', 'skewb', 'Japan', '_Asia', 2008, 3, 29),
(9680, 2858, 2858000009680, '2004KRIG02', '222oh', 'Sweden', '_Europe', 2005, 12, 11),
(9676, 2816, 2816000009676, '2006BUUS01', '222oh', 'Denmark', '_Europe', 2006, 10, 21),
(9909, 2794, 2794000009909, '2007CLAE01', '333ni', 'Sweden', '_Europe', 2008, 9, 6),
(10052, 2793, 2793000010052, '2008HASH02', 'mirbl', 'Japan', '_Asia', 2008, 12, 20),
(10198, 2791, 2791000010198, '2009MORI01', '333ni', 'Sweden', '_Europe', 2009, 4, 25),
(9762, 2776, 2776000009762, '2007LOGA01', 'skewb', 'USA', '_North America', 2008, 6, 21),
(10068, 2768, 2768000010068, '2008RAYN01', '333ni', 'France', '_Europe', 2008, 12, 20),
(8896, 2739, 2739000008896, '2005GUST01', 'snake', 'Sweden', '_Europe', 2006, 12, 3),
(10067, 2734, 2734000010067, '2007PLAN01', '333ni', 'France', '_Europe', 2008, 12, 20),
(10361, 2729, 2729000010361, '2009PETI01', '333ni', 'France', '_Europe', 2009, 12, 19),
(10472, 2729, 2729000010472, '2007HELL01', 'skewb', 'Finland', '_Europe', 2010, 9, 28),
(9656, 2699, 2699000009656, '2006BUUS01', '333ni', 'Denmark', '_Europe', 2006, 10, 21),
(10490, 2653, 2653000010490, '2009LEVY01', 'skewb', 'USA', '_North America', 2010, 6, 5),
(9724, 2634, 2634000009724, '2004KRIG02', '333ni', 'Sweden', '_Europe', 2005, 9, 10),
(10402, 2619, 2619000010402, '2007CHRI02', '333ni', 'Denmark', '_Europe', 2010, 4, 25),
(9908, 2618, 2618000009908, '2008DELV01', '333ni', 'Sweden', '_Europe', 2008, 9, 6),
(9907, 2616, 2616000009907, '2006JOHA01', '333ni', 'Sweden', '_Europe', 2008, 9, 6),
(10481, 2608, 2608000010481, '2009SEVE01', 'snake', 'Denmark', '_Europe', 2010, 9, 28),
(10401, 2604, 2604000010401, '2010THOM01', '333ni', 'Denmark', '_Europe', 2010, 4, 25),
(9675, 2603, 2603000009675, '2006JOHA01', '222oh', 'Sweden', '_Europe', 2006, 10, 21),
(9679, 2602, 2602000009679, '2004KRIG01', '222oh', 'Sweden', '_Europe', 2005, 12, 11),
(10066, 2584, 2584000010066, '2008LAUR01', '333ni', 'France', '_Europe', 2008, 12, 20),
(10360, 2583, 2583000010360, '2008GYAN01', '333ni', 'United Kingdom', '_Europe', 2009, 12, 19),
(10065, 2573, 2573000010065, '2007LEMO01', '333ni', 'France', '_Europe', 2008, 12, 20),
(10184, 2560, 2560000010184, '2008HASH02', 'mirbl', 'Japan', '_Asia', 2009, 3, 28),
(9906, 2553, 2553000009906, '2006SOUC01', '333ni', 'France', '_Europe', 2008, 9, 6),
(9710, 2530, 2530000009710, '2006ASPE01', '222oh', 'Sweden', '_Europe', 2007, 12, 15),
(9723, 2518, 2518000009723, '2005HILL01', '333ni', 'Sweden', '_Europe', 2005, 9, 10),
(10359, 2506, 2506000010359, '2004GALL02', '333ni', 'France', '_Europe', 2009, 12, 19),
(9761, 2505, 2505000009761, '2003BABC01', 'skewb', 'USA', '_North America', 2008, 6, 21),
(10197, 2495, 2495000010197, '2004HERM01', '333ni', 'Sweden', '_Europe', 2009, 4, 25),
(9760, 2492, 2492000009760, '2007ALIS01', 'skewb', 'USA', '_North America', 2008, 6, 21),
(9700, 2463, 2463000009700, '2005RAND01', 'magico', 'Sweden', '_Europe', 2005, 12, 11),
(10471, 2444, 2444000010471, '2010RONK01', 'skewb', 'Finland', '_Europe', 2010, 9, 28),
(10025, 2439, 2439000010025, '2007GOUL01', '222oh', 'United Kingdom', '_Europe', 2008, 12, 6),
(10358, 2438, 2438000010358, '2007LEMO01', '333ni', 'France', '_Europe', 2009, 12, 19),
(9709, 2403, 2403000009709, '2006GALE01', '222oh', 'Netherlands', '_Europe', 2007, 12, 15),
(9753, 2394, 2394000009753, '2006OOKU01', 'skewb', 'Japan', '_Asia', 2008, 3, 29),
(9655, 2390, 2390000009655, '2004KRIG02', '333ni', 'Sweden', '_Europe', 2006, 10, 21),
(9654, 2372, 2372000009654, '2006LIND01', '333ni', 'Sweden', '_Europe', 2006, 10, 21),
(9905, 2348, 2348000009905, '2007LUND01', '333ni', 'Sweden', '_Europe', 2008, 9, 6),
(9653, 2318, 2318000009653, '2006GERH01', '333ni', 'Sweden', '_Europe', 2006, 10, 21),
(10196, 2277, 2277000010196, '2007CLAE01', '333ni', 'Sweden', '_Europe', 2009, 4, 25),
(10357, 2267, 2267000010357, '2008LEME01', '333ni', 'France', '_Europe', 2009, 12, 19),
(9903, 2233, 2233000009903, '2005GAIN01', '333ni', 'Sweden', '_Europe', 2008, 9, 6),
(9904, 2233, 2233000009904, '2008WEST02', '333ni', 'Sweden', '_Europe', 2008, 9, 6),
(10064, 2197, 2197000010064, '2004GALL02', '333ni', 'France', '_Europe', 2008, 12, 20),
(9752, 2161, 2161000009752, '2007DODE01', 'skewb', 'Japan', '_Asia', 2008, 3, 29),
(9722, 2145, 2145000009722, '2004KRIG01', '333ni', 'Sweden', '_Europe', 2005, 9, 10),
(9902, 2129, 2129000009902, '2007GOUL01', '333ni', 'United Kingdom', '_Europe', 2008, 9, 6),
(10400, 2117, 2117000010400, '2009SEVE01', '333ni', 'Denmark', '_Europe', 2010, 4, 25),
(9639, 2099, 2099000009639, '2004KRIG01', '333ni', 'Sweden', '_Europe', 2006, 3, 18),
(9901, 2092, 2092000009901, '2007PERG01', '333ni', 'Hungary', '_Europe', 2008, 9, 6),
(9751, 2079, 2079000009751, '2006SUZU01', 'skewb', 'Japan', '_Asia', 2008, 3, 29),
(9900, 2050, 2050000009900, '2007CLAE03', '333ni', 'Sweden', '_Europe', 2008, 9, 6),
(10024, 2029, 2029000010024, '2007HOLM01', '222oh', 'Sweden', '_Europe', 2008, 12, 6),
(9635, 2026, 2026000009635, '2005GUST01', '222oh', 'Sweden', '_Europe', 2006, 3, 18),
(10356, 1968, 1968000010356, '2008VIRO01', '333ni', 'France', '_Europe', 2009, 12, 19),
(10399, 1960, 1960000010399, '2008ANDE02', '333ni', 'Denmark', '_Europe', 2010, 4, 25),
(10398, 1953, 1953000010398, '2006BUUS01', '333ni', 'Denmark', '_Europe', 2010, 4, 25),
(10355, 1921, 1921000010355, '2008LAUR01', '333ni', 'France', '_Europe', 2009, 12, 19),
(10063, 1902, 1902000010063, '2008HANK01', '333ni', 'Thailand', '_Asia', 2008, 12, 20),
(9721, 1892, 1892000009721, '2005VANH01', '333ni', 'Finland', '_Europe', 2005, 9, 10),
(9739, 1889, 1889000009739, '2006JOHA01', 'snake', 'Sweden', '_Europe', 2007, 12, 15),
(10195, 1888, 1888000010195, '2007CLAE03', '333ni', 'Sweden', '_Europe', 2009, 4, 25),
(10023, 1876, 1876000010023, '2004KRIG01', '222oh', 'Sweden', '_Europe', 2008, 12, 6),
(10169, 1869, 1869000010169, '2003RUET01', 'skewb', 'USA', '_North America', 2009, 2, 28),
(10194, 1862, 1862000010194, '2007LUND01', '333ni', 'Sweden', '_Europe', 2009, 4, 25),
(9744, 1845, 1845000009744, '2005GUST02', 'snake', 'Sweden', '_Europe', 2008, 2, 23),
(10397, 1834, 1834000010397, '2008BORU01', '333ni', 'Denmark', '_Europe', 2010, 4, 25),
(9899, 1815, 1815000009899, '2007HOLM01', '333ni', 'Sweden', '_Europe', 2008, 9, 6),
(10159, 1810, 1810000010159, '2007DUSS01', 'snake', 'France', '_Europe', 2009, 2, 28),
(9898, 1805, 1805000009898, '2006BUUS01', '333ni', 'Denmark', '_Europe', 2008, 9, 6),
(10166, 1801, 1801000010166, '2008POTR01', 'magicc', 'France', '_Europe', 2009, 2, 28),
(9897, 1795, 1795000009897, '2004KRIG01', '333ni', 'Sweden', '_Europe', 2008, 9, 6),
(10162, 1761, 1761000010162, '2004GALL02', 'magccc', 'France', '_Europe', 2009, 2, 28),
(10158, 1761, 1761000010158, '2008COUR01', 'snake', 'France', '_Europe', 2009, 2, 28),
(10489, 1744, 1744000010489, '2007HUGH01', 'skewb', 'USA', '_North America', 2010, 6, 5),
(10164, 1691, 1691000010164, '2004GALL02', 'magicb', 'France', '_Europe', 2009, 2, 28),
(10342, 1685, 1685000010342, '2007PERD01', 'magicb', 'France', '_Europe', 2009, 9, 12),
(10382, 1685, 1685000010382, '2009BIRD01', 'skewb', 'USA', '_North America', 2010, 5, 23),
(9750, 1679, 1679000009750, '2006OOKU02', 'skewb', 'Japan', '_Asia', 2008, 3, 29),
(10123, 1666, 1666000010123, '2005GUST02', 'snake', 'Sweden', '_Europe', 2009, 1, 17),
(9673, 1647, 1647000009673, '2006GERH01', '222oh', 'Sweden', '_Europe', 2006, 10, 21),
(9638, 1624, 1624000009638, '2005VANH01', '333ni', 'Finland', '_Europe', 2006, 3, 18),
(9759, 1619, 1619000009759, '2007HEVE01', 'skewb', 'USA', '_North America', 2008, 6, 21),
(9708, 1618, 1618000009708, '2006JOHA01', '222oh', 'Sweden', '_Europe', 2007, 12, 15),
(9054, 1614, 1614000009054, '2005GUST02', 'snake', 'Sweden', '_Europe', 2007, 1, 13),
(10470, 1601, 1601000010470, '2010ARBO01', 'skewb', 'Finland', '_Europe', 2010, 9, 28),
(10122, 1600, 1600000010122, '2009BRUD01', 'snake', 'Sweden', '_Europe', 2009, 1, 17),
(10354, 1595, 1595000010354, '2008HANK01', '333ni', 'France', '_Europe', 2009, 12, 19),
(9970, 1563, 1563000009970, '2008POHJ01', 'snake', 'Finland', '_Europe', 2008, 10, 25),
(10336, 1546, 1546000010336, '2007PERD01', 'magicc', 'France', '_Europe', 2009, 9, 12),
(9758, 1531, 1531000009758, '2003RUET01', 'skewb', 'USA', '_North America', 2008, 6, 21),
(8895, 1509, 1509000008895, '2005KOCZ01', 'snake', 'Hungary', '_Europe', 2006, 12, 3),
(10048, 1492, 1492000010048, '2008RUND02', 'snake', 'Sweden', '_Europe', 2008, 12, 6),
(10047, 1482, 1482000010047, '2008LUND04', 'snake', 'Sweden', '_Europe', 2008, 12, 6),
(10062, 1481, 1481000010062, '2004CHAM01', '333ni', 'France', '_Europe', 2008, 12, 20),
(10022, 1479, 1479000010022, '2006JOHA01', '222oh', 'Sweden', '_Europe', 2008, 12, 6),
(9749, 1469, 1469000009749, '2006JOHA01', 'snake', 'Sweden', '_Europe', 2008, 3, 8),
(9707, 1444, 1444000009707, '2004CHAM01', '222oh', 'France', '_Europe', 2007, 12, 15),
(7248, 1432, 1432000007248, '2005PARL01', 'rainb', 'USA', '_North America', 2005, 5, 28),
(9738, 1414, 1414000009738, '2007RUND01', 'snake', 'Sweden', '_Europe', 2007, 12, 15),
(9770, 1409, 1409000009770, '2007VALK01', 'snake', 'Netherlands', '_Europe', 2008, 7, 19),
(10480, 1395, 1395000010480, '2008MART07', 'snake', 'Finland', '_Europe', 2010, 9, 28),
(10479, 1389, 1389000010479, '2005GUST02', 'snake', 'Sweden', '_Europe', 2010, 9, 28),
(9779, 1375, 1375000009779, '2007HOLM01', 'snake', 'Sweden', '_Europe', 2008, 9, 6),
(10341, 1309, 1309000010341, '2007POLS01', 'magicb', 'Belgium', '_Europe', 2009, 9, 12),
(10021, 1298, 1298000010021, '2006BUUS01', '222oh', 'Denmark', '_Europe', 2008, 12, 6),
(10121, 1289, 1289000010121, '2008MOSS01', 'snake', 'Sweden', '_Europe', 2009, 1, 17),
(9672, 1289, 1289000009672, '2005ASPE01', '222oh', 'Sweden', '_Europe', 2006, 10, 21),
(10340, 1288, 1288000010340, '2007PERD01', 'magccc', 'France', '_Europe', 2009, 9, 12),
(9706, 1264, 1264000009706, '2004KRIG01', '222oh', 'Sweden', '_Europe', 2007, 12, 15),
(10020, 1248, 1248000010020, '2005ASPE01', '222oh', 'Sweden', '_Europe', 2008, 12, 6),
(9671, 1229, 1229000009671, '2004KRIG01', '222oh', 'Sweden', '_Europe', 2006, 10, 21),
(9778, 1213, 1213000009778, '2008WEST02', 'snake', 'Sweden', '_Europe', 2008, 9, 6),
(9969, 1187, 1187000009969, '2008PYSS01', 'snake', 'Finland', '_Europe', 2008, 10, 25),
(9705, 1179, 1179000009705, '2005VANH01', '222oh', 'Finland', '_Europe', 2007, 12, 15),
(9704, 1127, 1127000009704, '2005ASPE01', '222oh', 'Sweden', '_Europe', 2007, 12, 15),
(9703, 1126, 1126000009703, '2005AKKE01', '222oh', 'Netherlands', '_Europe', 2007, 12, 15),
(9716, 1096, 1096000009716, '2005AKKE01', 'snake', 'Netherlands', '_Europe', 2007, 12, 15),
(10120, 1014, 1014000010120, '2008NORD01', 'snake', 'Sweden', '_Europe', 2009, 1, 17),
(10353, 1013, 1013000010353, '2005AKKE01', 'snake', 'Netherlands', '_Europe', 2009, 12, 5),
(10335, 1012, 1012000010335, '2007POLS01', 'magicc', 'Belgium', '_Europe', 2009, 9, 12),
(9968, 1010, 1010000009968, '2007PYSS01', 'snake', 'Finland', '_Europe', 2008, 10, 25),
(8894, 1009, 1009000008894, '2004KRIG01', 'snake', 'Sweden', '_Europe', 2006, 12, 3),
(9777, 986, 986000009777, '2006BUUS01', 'snake', 'Denmark', '_Europe', 2008, 9, 6),
(9715, 970, 970000009715, '2005ASPE01', 'snake', 'Sweden', '_Europe', 2007, 12, 15),
(10157, 947, 947000010157, '2008HANK01', 'snake', 'Thailand', '_Asia', 2009, 2, 28),
(9776, 915, 915000009776, '2007BERG01', 'snake', 'Sweden', '_Europe', 2008, 9, 6),
(10045, 888, 888000010045, '2008NORD01', 'snake', 'Sweden', '_Europe', 2008, 12, 6),
(10119, 881, 881000010119, '2003LARS01', 'snake', 'Sweden', '_Europe', 2009, 1, 17),
(9775, 853, 853000009775, '2006SOUC01', 'snake', 'France', '_Europe', 2008, 9, 6),
(10339, 834, 834000010339, '2007POLS01', 'magccc', 'Belgium', '_Europe', 2009, 9, 12),
(9773, 800, 800000009773, '2007RUND01', 'snake', 'Sweden', '_Europe', 2008, 9, 6),
(10478, 774, 774000010478, '2008JUKK01', 'snake', 'Finland', '_Europe', 2010, 9, 28),
(10477, 773, 773000010477, '2007HELL01', 'snake', 'Finland', '_Europe', 2010, 9, 28),
(9772, 769, 769000009772, '2007CLAE02', 'snake', 'Sweden', '_Europe', 2008, 9, 6),
(10338, 765, 765000010338, '2008POTR01', 'magccc', 'France', '_Europe', 2009, 9, 12),
(10182, 763, 763000010182, '2007HELL01', 'snake', 'Finland', '_Europe', 2009, 3, 7),
(9967, 751, 751000009967, '2008JUKK01', 'snake', 'Finland', '_Europe', 2008, 10, 25),
(10352, 723, 723000010352, '2009ZAND01', 'snake', 'Sweden', '_Europe', 2009, 12, 5),
(9053, 719, 719000009053, '2007TIIN01', 'snake', 'Finland', '_Europe', 2007, 1, 13),
(10181, 716, 716000010181, '2007PYSS01', 'snake', 'Finland', '_Europe', 2009, 3, 7),
(9767, 672, 672000009767, '2003LARS01', 'snake', 'Sweden', '_Europe', 2008, 7, 19),
(10180, 663, 663000010180, '2008JUKK01', 'snake', 'Finland', '_Europe', 2009, 3, 7),
(9625, 657, 657000009625, '2005GUST01', 'snake', 'Sweden', '_Europe', 2007, 8, 18),
(10043, 637, 637000010043, '2008RUND01', 'snake', 'Sweden', '_Europe', 2008, 12, 6),
(9052, 637, 637000009052, '2007LAIR02', 'snake', 'Finland', '_Europe', 2007, 1, 13),
(9966, 636, 636000009966, '2007HELL01', 'snake', 'Finland', '_Europe', 2008, 10, 25),
(10192, 608, 608000010192, '2009BLOM01', 'snake', 'Sweden', '_Europe', 2009, 4, 25),
(10191, 579, 579000010191, '2008RUND01', 'snake', 'Sweden', '_Europe', 2009, 4, 25),
(10042, 504, 504000010042, '2009SERT01', 'snake', 'Sweden', '_Europe', 2008, 12, 6),
(10190, 479, 479000010190, '2005GUST01', 'snake', 'Sweden', '_Europe', 2009, 4, 25),
(10476, 464, 464000010476, '2010RONK01', 'snake', 'Finland', '_Europe', 2010, 9, 28),
(10475, 463, 463000010475, '2007TIIN01', 'snake', 'Finland', '_Europe', 2010, 9, 28),
(10041, 451, 451000010041, '2005GUST01', 'snake', 'Sweden', '_Europe', 2008, 12, 6),
(9765, 446, 446000009765, '2007LAIR01', 'snake', 'Finland', '_Europe', 2008, 7, 19),
(10178, 424, 424000010178, '2007TIIN01', 'snake', 'Finland', '_Europe', 2009, 3, 7),
(9965, 414, 414000009965, '2007TIIN01', 'snake', 'Finland', '_Europe', 2008, 10, 25),
(10189, 376, 376000010189, '2007HOLM02', 'snake', 'Sweden', '_Europe', 2009, 4, 25),
(10040, 371, 371000010040, '2007HOLM02', 'snake', 'Sweden', '_Europe', 2008, 12, 6),
(9050, 317, 317000009050, '2007LAIR01', 'snake', 'Finland', '_Europe', 2007, 1, 13),
(10348, 292, 292000010348, '2009SERT01', 'snake', 'Sweden', '_Europe', 2009, 12, 5);

-- --------------------------------------------------------

--
-- Table structure for table `ConciseSingleResults`
--

CREATE TABLE `ConciseSingleResults` (
  `id` int(11) NOT NULL DEFAULT 0,
  `best` int(11) NOT NULL DEFAULT 0,
  `valueAndId` bigint(17) NOT NULL DEFAULT 0,
  `personId` varchar(10) CHARACTER SET utf8mb3 COLLATE utf8mb3_unicode_ci NOT NULL DEFAULT '',
  `eventId` varchar(6) CHARACTER SET utf8mb3 COLLATE utf8mb3_unicode_ci NOT NULL DEFAULT '',
  `countryId` varchar(50) CHARACTER SET utf8mb3 COLLATE utf8mb3_unicode_ci NOT NULL DEFAULT '',
  `continentId` varchar(50) CHARACTER SET utf8mb3 COLLATE utf8mb3_unicode_ci NOT NULL DEFAULT '',
  `year` smallint(5) UNSIGNED NOT NULL DEFAULT 0,
  `month` smallint(5) UNSIGNED NOT NULL DEFAULT 0,
  `day` smallint(5) UNSIGNED NOT NULL DEFAULT 0
) ENGINE=MyISAM DEFAULT CHARSET=utf8mb3 COLLATE=utf8mb3_general_ci;

--
-- Dumping data for table `ConciseSingleResults`
--

INSERT INTO `ConciseSingleResults` (`id`, `best`, `valueAndId`, `personId`, `eventId`, `countryId`, `continentId`, `year`, `month`, `day`) VALUES
(10343, 97100, 97100000010343, '2007HASH01', 'sq1bf', 'Japan', '_Asia', 2009, 12, 12),
(10459, 96500, 96500000010459, '2007HASH01', 'sq1bf', 'Japan', '_Asia', 2010, 8, 28),
(10176, 78900, 78900000010176, '2005TOLE01', 'mirbbf', 'Spain', '_Europe', 2009, 2, 28),
(10258, 76000, 76000000010258, '2008POTR01', '360', 'France', '_Europe', 2009, 8, 8),
(10329, 60000, 60000000010329, '2008PROV01', '360', 'Netherlands', '_Europe', 2009, 10, 9),
(10445, 47978, 47978000010445, '2007ORTR01', 'mstmo', 'Germany', '_Europe', 2010, 7, 24),
(10247, 46629, 46629000010247, '2003VAND01', '3sc', 'Belgium', '_Europe', 2009, 7, 11),
(10246, 46160, 46160000010246, '2008MCKE01', '3sc', 'United Kingdom', '_Europe', 2009, 7, 11),
(10328, 46108, 46108000010328, '2008BARA01', '360', 'Hungary', '_Europe', 2009, 10, 9),
(10469, 38900, 38900000010469, '2007DUSS01', '360', 'France', '_Europe', 2010, 9, 3),
(10468, 37265, 37265000010468, '2008HANK01', '360', 'France', '_Europe', 2010, 9, 3),
(10458, 36059, 36059000010458, '2010TRUO01', 'illus', 'Germany', '_Europe', 2010, 10, 23),
(10245, 33047, 33047000010245, '2008COUR01', '3sc', 'France', '_Europe', 2009, 7, 11),
(10257, 32830, 32830000010257, '2004GALL02', '360', 'France', '_Europe', 2009, 8, 8),
(10244, 31265, 31265000010244, '2008ERSK01', '3sc', 'United Kingdom', '_Europe', 2009, 7, 11),
(10376, 30528, 30528000010376, '2008PROV01', '360', 'Netherlands', '_Europe', 2010, 1, 16),
(10039, 30372, 30372000010039, '2006ASPE01', '234', 'Sweden', '_Europe', 2008, 12, 6),
(10243, 29160, 29160000010243, '2008WILL03', '3sc', 'United Kingdom', '_Europe', 2009, 7, 11),
(10327, 28600, 28600000010327, '2009MUKD01', '360', 'Thailand', '_Asia', 2009, 10, 9),
(10429, 27265, 27265000010429, '2009BALT02', 'mstmo', 'Portugal', '_Europe', 2010, 10, 9),
(10326, 27165, 27165000010326, '2006PIRZ01', '360', 'Germany', '_Europe', 2009, 10, 9),
(10175, 26164, 26164000010175, '2005PARI01', 'mirbbf', 'Spain', '_Europe', 2009, 2, 28),
(10038, 25875, 25875000010038, '2007CLAE02', '234', 'Sweden', '_Europe', 2008, 12, 6),
(10381, 24731, 24731000010381, '2008DIX001', '360', 'United Kingdom', '_Europe', 2009, 11, 7),
(10325, 24596, 24596000010325, '2008OMYO01', '360', 'Japan', '_Asia', 2009, 10, 9),
(10457, 23890, 23890000010457, '2006PIRZ01', 'illus', 'Germany', '_Europe', 2010, 10, 23),
(10375, 23633, 23633000010375, '2010HARS01', '360', 'Germany', '_Europe', 2010, 1, 16),
(10324, 23013, 23013000010324, '2008MORE02', '360', 'France', '_Europe', 2009, 10, 9),
(10520, 22977, 22977000010520, '2009HERR01', 'mirbl', 'Germany', '_Europe', 2010, 10, 9),
(10443, 22368, 22368000010443, '2009SPIE01', 'mstmo', 'Germany', '_Europe', 2010, 7, 24),
(10242, 21346, 21346000010242, '2006AUST01', '3sc', 'United Kingdom', '_Europe', 2009, 7, 11),
(10037, 20980, 20980000010037, '2005ASPE01', '234', 'Sweden', '_Europe', 2008, 12, 6),
(10374, 20706, 20706000010374, '2006PIRZ01', '360', 'Germany', '_Europe', 2010, 1, 16),
(10323, 20393, 20393000010323, '2007BERN01', '360', 'Hungary', '_Europe', 2009, 10, 9),
(10442, 19852, 19852000010442, '2009SPRI01', 'mstmo', 'Germany', '_Europe', 2010, 7, 24),
(10241, 19675, 19675000010241, '2009WHIT01', '3sc', 'United Kingdom', '_Europe', 2009, 7, 11),
(10380, 19063, 19063000010380, '2009WHIT01', '360', 'United Kingdom', '_Europe', 2009, 11, 7),
(10467, 18693, 18693000010467, '2005SIMO01', '360', 'France', '_Europe', 2010, 9, 3),
(10240, 18380, 18380000010240, '2003BRUC01', '3sc', 'Netherlands', '_Europe', 2009, 7, 11),
(10441, 18356, 18356000010441, '2009DICK01', 'mstmo', 'Germany', '_Europe', 2010, 7, 24),
(10322, 18031, 18031000010322, '2009BUIT01', '360', 'Germany', '_Europe', 2009, 10, 9),
(10456, 17961, 17961000010456, '2009KONI03', 'illus', 'Germany', '_Europe', 2010, 10, 23),
(9848, 17886, 17886000009848, '2007RUND01', '333r3', 'Sweden', '_Europe', 2008, 9, 6),
(10239, 17821, 17821000010239, '2009HARP01', '3sc', 'United Kingdom', '_Europe', 2009, 7, 11),
(10321, 17708, 17708000010321, '2007ORTR01', '360', 'Germany', '_Europe', 2009, 10, 9),
(10373, 16903, 16903000010373, '2009PAES01', '360', 'Germany', '_Europe', 2010, 1, 16),
(10061, 16896, 16896000010061, '2008OMYO01', 'mirbl', 'Japan', '_Asia', 2008, 12, 20),
(10320, 16844, 16844000010320, '2006ORKE01', '360', 'Hungary', '_Europe', 2009, 10, 9),
(10347, 16816, 16816000010347, '2009ROTA01', '360', 'Italy', '_Europe', 2009, 12, 7),
(10454, 16622, 16622000010454, '2009CHRI03', 'illus', 'Germany', '_Europe', 2010, 10, 23),
(10319, 16606, 16606000010319, '2009BRUS01', '360', 'Germany', '_Europe', 2009, 10, 9),
(10435, 16111, 16111000010435, '2010HEPP01', 'mstmo', 'Germany', '_Europe', 2010, 8, 14),
(10174, 16104, 16104000010174, '2005ANGO01', 'mirbbf', 'Spain', '_Europe', 2009, 2, 28),
(9633, 15816, 15816000009633, '2006JOHA01', '333r3', 'Sweden', '_Europe', 2006, 3, 18),
(10238, 15794, 15794000010238, '2007COOP01', '3sc', 'United Kingdom', '_Europe', 2009, 7, 11),
(10036, 15736, 15736000010036, '2006JOHA01', '234', 'Sweden', '_Europe', 2008, 12, 6),
(10396, 15278, 15278000010396, '2009KRIS02', '333r3', 'Denmark', '_Europe', 2010, 4, 25),
(10466, 15258, 15258000010466, '2006MATH01', '360', 'France', '_Europe', 2010, 9, 3),
(10237, 15194, 15194000010237, '2008WRIG02', '3sc', 'United Kingdom', '_Europe', 2009, 7, 11),
(10318, 15006, 15006000010318, '2007VALK01', '360', 'Netherlands', '_Europe', 2009, 10, 9),
(9632, 14965, 14965000009632, '2005GUST02', '333r3', 'Sweden', '_Europe', 2006, 3, 18),
(9631, 14783, 14783000009631, '2005GUST01', '333r3', 'Sweden', '_Europe', 2006, 3, 18),
(10236, 14718, 14718000010236, '2007PERG01', '3sc', 'Hungary', '_Europe', 2009, 7, 11),
(10434, 14718, 14718000010434, '2008AURO01', 'mstmo', 'Germany', '_Europe', 2010, 8, 14),
(10439, 14677, 14677000010439, '2009KONI03', 'mstmo', 'Germany', '_Europe', 2010, 7, 24),
(10455, 14463, 14463000010455, '2009OHRN01', 'illus', 'Germany', '_Europe', 2010, 10, 23),
(10035, 14368, 14368000010035, '2007KRIS01', '234', 'Sweden', '_Europe', 2008, 12, 6),
(10463, 14243, 14243000010463, '2010PARK01', 'mirbl', 'USA', '_North America', 2010, 8, 28),
(10235, 14108, 14108000010235, '2009KENT01', '3sc', 'Malaysia', '_Asia', 2009, 7, 11),
(9847, 13463, 13463000009847, '2007CLAE02', '333r3', 'Sweden', '_Europe', 2008, 9, 6),
(10427, 13353, 13353000010427, '2010HUFN01', 'mstmo', 'Germany', '_Europe', 2010, 10, 9),
(10395, 13275, 13275000010395, '2009JENS03', '333r3', 'Denmark', '_Europe', 2010, 4, 25),
(9846, 13234, 13234000009846, '2007MOLI01', '333r3', 'Sweden', '_Europe', 2008, 9, 6),
(10317, 13219, 13219000010317, '2005KOSE01', '360', 'Japan', '_Asia', 2009, 10, 9),
(10438, 13109, 13109000010438, '2004FONN01', 'mstmo', 'Norway', '_Europe', 2010, 7, 24),
(10433, 13027, 13027000010433, '2010WUNS01', 'mstmo', 'Germany', '_Europe', 2010, 8, 14),
(10453, 12766, 12766000010453, '2008AURO01', 'illus', 'Germany', '_Europe', 2010, 10, 23),
(10256, 12720, 12720000010256, '2007DUSS01', '360', 'France', '_Europe', 2009, 8, 8),
(10034, 12597, 12597000010034, '2003VAND01', '234', 'Belgium', '_Europe', 2008, 12, 6),
(10440, 12447, 12447000010440, '2005AKKE01', 'mstmo', 'Netherlands', '_Europe', 2010, 7, 24),
(10394, 12030, 12030000010394, '2006BUUS02', '333r3', 'Denmark', '_Europe', 2010, 4, 25),
(10315, 11703, 11703000010315, '2005KOCZ01', '360', 'Hungary', '_Europe', 2009, 10, 9),
(10452, 11608, 11608000010452, '2008CABA03', 'illus', 'Poland', '_Europe', 2010, 10, 23),
(10314, 11525, 11525000010314, '2005AKKE01', '360', 'Netherlands', '_Europe', 2009, 10, 9),
(10313, 11490, 11490000010313, '2006MATH01', '360', 'France', '_Europe', 2009, 10, 9),
(10372, 11418, 11418000010372, '2007ORTR01', '360', 'Germany', '_Europe', 2010, 1, 16),
(10426, 11240, 11240000010426, '2006PIRZ01', 'mstmo', 'Germany', '_Europe', 2010, 10, 9),
(9845, 11090, 11090000009845, '2005GUST01', '333r3', 'Sweden', '_Europe', 2008, 9, 6),
(10371, 11044, 11044000010371, '2010DAOV01', '360', 'Germany', '_Europe', 2010, 1, 16),
(10393, 10928, 10928000010393, '2010UNDE01', '333r3', 'Denmark', '_Europe', 2010, 4, 25),
(10033, 10691, 10691000010033, '2007LUND01', '234', 'Sweden', '_Europe', 2008, 12, 6),
(10234, 10669, 10669000010234, '2009YAUR01', '3sc', 'United Kingdom', '_Europe', 2009, 7, 11),
(10451, 10634, 10634000010451, '2007CICH01', 'illus', 'Poland', '_Europe', 2010, 10, 23),
(10312, 10455, 10455000010312, '2008MIHA01', '360', 'Hungary', '_Europe', 2009, 10, 9),
(9844, 10375, 10375000009844, '2005GUST02', '333r3', 'Sweden', '_Europe', 2008, 9, 6),
(10450, 10334, 10334000010450, '2005AKKE01', 'illus', 'Netherlands', '_Europe', 2010, 10, 23),
(10188, 10291, 10291000010188, '2008SUGI01', 'mirbl', 'Japan', '_Asia', 2009, 3, 28),
(10465, 10221, 10221000010465, '2004GALL02', '360', 'France', '_Europe', 2010, 9, 3),
(10519, 10186, 10186000010519, '2009AURO01', 'mirbl', 'Germany', '_Europe', 2010, 10, 9),
(9843, 10131, 10131000009843, '2007CHRI02', '333r3', 'Denmark', '_Europe', 2008, 9, 6),
(10311, 10050, 10050000010311, '2006NISH01', '360', 'Japan', '_Asia', 2009, 10, 9),
(9630, 10042, 10042000009630, '2005KOHN01', '333r3', 'Germany', '_Europe', 2006, 3, 18),
(9842, 9759, 9759000009842, '2008KJOR01', '333r3', 'Sweden', '_Europe', 2008, 9, 6),
(9841, 9693, 9693000009841, '2008SKAR01', '333r3', 'Sweden', '_Europe', 2008, 9, 6),
(10032, 9691, 9691000010032, '2007GOUL01', '234', 'United Kingdom', '_Europe', 2008, 12, 6),
(10432, 9603, 9603000010432, '2009LOOS01', 'mstmo', 'Germany', '_Europe', 2010, 8, 14),
(9840, 9568, 9568000009840, '2008DELV01', '333r3', 'Sweden', '_Europe', 2008, 9, 6),
(10378, 9516, 9516000010378, '2007COOP01', '360', 'United Kingdom', '_Europe', 2009, 11, 7),
(10379, 9400, 9400000010379, '2009LUDL02', '360', 'United Kingdom', '_Europe', 2009, 11, 7),
(9839, 9393, 9393000009839, '2007HOLM02', '333r3', 'Sweden', '_Europe', 2008, 9, 6),
(10031, 9350, 9350000010031, '2008SEPP01', '234', 'Finland', '_Europe', 2008, 12, 6),
(1742, 9327, 9327000001742, '2005ASPE01', '333si', 'Sweden', '_Europe', 2006, 10, 21),
(10310, 9171, 9171000010310, '2007PROV01', '360', 'Netherlands', '_Europe', 2009, 10, 9),
(10518, 9146, 9146000010518, '2009SPIE01', 'mirbl', 'Germany', '_Europe', 2010, 10, 9),
(10392, 9127, 9127000010392, '2010BECK01', '333r3', 'Denmark', '_Europe', 2010, 4, 25),
(10030, 9122, 9122000010030, '2007HOLM01', '234', 'Sweden', '_Europe', 2008, 12, 6),
(10029, 8872, 8872000010029, '2004KRIG01', '234', 'Sweden', '_Europe', 2008, 12, 6),
(9629, 8838, 8838000009629, '2006GERH01', '333r3', 'Sweden', '_Europe', 2006, 3, 18),
(10517, 8781, 8781000010517, '2010WIMM01', 'mirbl', 'Germany', '_Europe', 2010, 10, 9),
(9838, 8527, 8527000009838, '2007CLAE01', '333r3', 'Sweden', '_Europe', 2008, 9, 6),
(10309, 8515, 8515000010309, '2005BATI01', '360', 'Hungary', '_Europe', 2009, 10, 9),
(10255, 8490, 8490000010255, '2007PERD01', '360', 'France', '_Europe', 2009, 8, 8),
(10370, 8440, 8440000010370, '2008BLOH02', '360', 'Germany', '_Europe', 2010, 1, 16),
(9628, 8414, 8414000009628, '2004KRIG02', '333r3', 'Sweden', '_Europe', 2006, 3, 18),
(10437, 8321, 8321000010437, '2009BAKA01', 'mstmo', 'Germany', '_Europe', 2010, 7, 24),
(8892, 8311, 8311000008892, '2005GUST01', '333si', 'Sweden', '_Europe', 2006, 12, 3),
(10391, 8277, 8277000010391, '2010DYBD01', '333r3', 'Denmark', '_Europe', 2010, 4, 25),
(10436, 8258, 8258000010436, '2007VALK01', 'mstmo', 'Netherlands', '_Europe', 2010, 7, 24),
(10516, 8243, 8243000010516, '2009BLUM01', 'mirbl', 'Germany', '_Europe', 2010, 10, 9),
(10425, 8153, 8153000010425, '2009KORB02', 'mstmo', 'Germany', '_Europe', 2010, 10, 9),
(10308, 8088, 8088000010308, '2009BRUN01', '360', 'Germany', '_Europe', 2009, 10, 9),
(10515, 8013, 8013000010515, '2010DEIM02', 'mirbl', 'Germany', '_Europe', 2010, 10, 9),
(9837, 7921, 7921000009837, '2006SOUC01', '333r3', 'France', '_Europe', 2008, 9, 6),
(9666, 7904, 7904000009666, '2006JOHA02', '333ni', 'Sweden', '_Europe', 2006, 10, 21),
(10514, 7782, 7782000010514, '2010WING01', 'mirbl', 'Germany', '_Europe', 2010, 10, 9),
(10464, 7569, 7569000010464, '2007PERD01', '360', 'France', '_Europe', 2010, 9, 3),
(10187, 7550, 7550000010187, '2008SAJI01', 'mirbl', 'Japan', '_Asia', 2009, 3, 28),
(10307, 7378, 7378000010307, '2009BRIL01', '360', 'Philippines', '_Asia', 2009, 10, 9),
(10390, 7334, 7334000010390, '2007CHRI02', '333r3', 'Denmark', '_Europe', 2010, 4, 25),
(10449, 7283, 7283000010449, '2006HALC01', 'illus', 'Poland', '_Europe', 2010, 10, 23),
(10513, 7255, 7255000010513, '2010SCHM01', 'mirbl', 'Germany', '_Europe', 2010, 10, 9),
(10389, 7208, 7208000010389, '2009SEVE01', '333r3', 'Denmark', '_Europe', 2010, 4, 25),
(10369, 7205, 7205000010369, '2009FRAN01', '360', 'Germany', '_Europe', 2010, 1, 16),
(10388, 7177, 7177000010388, '2010THOM01', '333r3', 'Denmark', '_Europe', 2010, 4, 25),
(10060, 7162, 7162000010060, '2007DAID01', 'mirbl', 'Japan', '_Asia', 2008, 12, 20),
(9836, 7143, 7143000009836, '2006JOHA01', '333r3', 'Sweden', '_Europe', 2008, 9, 6),
(9835, 7140, 7140000009835, '2008WEST02', '333r3', 'Sweden', '_Europe', 2008, 9, 6),
(157, 7096, 7096000000157, '2003BRAN01', '333si', 'USA', '_North America', 2003, 8, 23),
(9927, 7046, 7046000009927, '2008STAH01', '333ni', 'Sweden', '_Europe', 2008, 9, 6),
(10345, 7008, 7008000010345, '2009BOSI01', '360', 'Italy', '_Europe', 2009, 12, 7),
(9926, 7003, 7003000009926, '2006JOHA02', '333ni', 'Sweden', '_Europe', 2008, 9, 6),
(10512, 6997, 6997000010512, '2009SIMO01', 'mirbl', 'Germany', '_Europe', 2010, 10, 9),
(10511, 6984, 6984000010511, '2009BRUS01', 'mirbl', 'Germany', '_Europe', 2010, 10, 9),
(10306, 6890, 6890000010306, '2009SANT01', '360', 'Italy', '_Europe', 2009, 10, 9),
(10059, 6768, 6768000010059, '2007SUGA01', 'mirbl', 'Japan', '_Asia', 2008, 12, 20),
(10058, 6763, 6763000010058, '2005KOSE01', 'mirbl', 'Japan', '_Asia', 2008, 12, 20),
(9834, 6697, 6697000009834, '2005GAIN01', '333r3', 'Sweden', '_Europe', 2008, 9, 6),
(10305, 6693, 6693000010305, '2008BLOH02', '360', 'Germany', '_Europe', 2009, 10, 9),
(10510, 6612, 6612000010510, '2009BALT02', 'mirbl', 'Portugal', '_Europe', 2010, 10, 9),
(10233, 6550, 6550000010233, '2007NESS01', '3sc', 'United Kingdom', '_Europe', 2009, 7, 11),
(10186, 6503, 6503000010186, '2007KIUC01', 'mirbl', 'Japan', '_Asia', 2009, 3, 28),
(10368, 6480, 6480000010368, '2008ZIMM01', '360', 'Germany', '_Europe', 2010, 1, 16),
(10304, 6419, 6419000010304, '2008ZIMM01', '360', 'Germany', '_Europe', 2009, 10, 9),
(9833, 6384, 6384000009833, '2007PERG01', '333r3', 'Hungary', '_Europe', 2008, 9, 6),
(10509, 6346, 6346000010509, '2009HERZ01', 'mirbl', 'Austria', '_Europe', 2010, 10, 9),
(10387, 6311, 6311000010387, '2008ANDE02', '333r3', 'Denmark', '_Europe', 2010, 4, 25),
(9736, 6276, 6276000009736, '2005BOEH01', '333ni', 'Sweden', '_Europe', 2005, 9, 10),
(10508, 6272, 6272000010508, '2010ENGL03', 'mirbl', 'Germany', '_Europe', 2010, 10, 9),
(10212, 6171, 6171000010212, '2009JUHL01', '333ni', 'Sweden', '_Europe', 2009, 4, 25),
(9645, 6093, 6093000009645, '2006MOLL01', '333ni', 'Sweden', '_Europe', 2006, 3, 18),
(10211, 6090, 6090000010211, '2009HAMZ01', '333ni', 'Sweden', '_Europe', 2009, 4, 25),
(9627, 6062, 6062000009627, '2004KRIG01', '333r3', 'Sweden', '_Europe', 2006, 3, 18),
(9713, 6038, 6038000009713, '2007CLAE01', '222oh', 'Sweden', '_Europe', 2007, 12, 15),
(10303, 5950, 5950000010303, '2003AKIM01', '360', 'Japan', '_Asia', 2009, 10, 9),
(9832, 5925, 5925000009832, '2007LUND01', '333r3', 'Sweden', '_Europe', 2008, 9, 6),
(10462, 5883, 5883000010462, '2008XIAN01', 'mirbl', 'USA', '_North America', 2010, 8, 28),
(10507, 5838, 5838000010507, '2010HOMM01', 'mirbl', 'Germany', '_Europe', 2010, 10, 9),
(9693, 5795, 5795000009693, '2005BACK01', '333ni', 'Sweden', '_Europe', 2005, 12, 11),
(9831, 5769, 5769000009831, '2006BUUS01', '333r3', 'Denmark', '_Europe', 2008, 9, 6),
(10302, 5647, 5647000010302, '2004NAGY01', '360', 'Hungary', '_Europe', 2009, 10, 9),
(10363, 5638, 5638000010363, '2009DEBL01', '333ni', 'France', '_Europe', 2009, 12, 19),
(9692, 5605, 5605000009692, '2005LANG01', '333ni', 'Sweden', '_Europe', 2005, 12, 11),
(9925, 5591, 5591000009925, '2007RUND01', '333ni', 'Sweden', '_Europe', 2008, 9, 6),
(10506, 5580, 5580000010506, '2010STAU01', 'mirbl', 'Germany', '_Europe', 2010, 10, 9),
(10301, 5547, 5547000010301, '2009JACK01', '360', 'Germany', '_Europe', 2009, 10, 9),
(9830, 5533, 5533000009830, '2007HOLM01', '333r3', 'Sweden', '_Europe', 2008, 9, 6),
(10505, 5506, 5506000010505, '2010MILL01', 'mirbl', 'Austria', '_Europe', 2010, 10, 9),
(10386, 5475, 5475000010386, '2006BUUS01', '333r3', 'Denmark', '_Europe', 2010, 4, 25),
(10504, 5453, 5453000010504, '2010DAOV01', 'mirbl', 'Germany', '_Europe', 2010, 10, 9),
(9923, 5430, 5430000009923, '2008ROUR01', '333ni', 'France', '_Europe', 2008, 9, 6),
(9922, 5411, 5411000009922, '2008BERG03', '333ni', 'Sweden', '_Europe', 2008, 9, 6),
(9626, 5342, 5342000009626, '2005VANH01', '333r3', 'Finland', '_Europe', 2006, 3, 18),
(10503, 5336, 5336000010503, '2010OLSC01', 'mirbl', 'Germany', '_Europe', 2010, 10, 9),
(10300, 5306, 5306000010300, '2008HEJJ01', '360', 'Hungary', '_Europe', 2009, 10, 9),
(9785, 5280, 5280000009785, '2006JOHA01', '222bf', 'Sweden', '_Europe', 2008, 9, 6),
(9757, 5233, 5233000009757, '2007SUGA01', 'skewb', 'Japan', '_Asia', 2008, 3, 29),
(9829, 5168, 5168000009829, '2007GOUL01', '333r3', 'United Kingdom', '_Europe', 2008, 9, 6),
(10502, 5155, 5155000010502, '2009ROHR01', 'mirbl', 'Austria', '_Europe', 2010, 10, 9),
(9828, 5150, 5150000009828, '2004KRIG01', '333r3', 'Sweden', '_Europe', 2008, 9, 6),
(9784, 5075, 5075000009784, '2007LUTH01', '222bf', 'Sweden', '_Europe', 2008, 9, 6),
(10501, 5019, 5019000010501, '2008AURO01', 'mirbl', 'Germany', '_Europe', 2010, 10, 9),
(10364, 4815, 4815000010364, '2009KOUR01', '333ni', 'France', '_Europe', 2009, 12, 19),
(10494, 4793, 4793000010494, '2008PENT01', 'skewb', 'USA', '_North America', 2010, 6, 5),
(9732, 4683, 4683000009732, '2005TYLM01', '333ni', 'Sweden', '_Europe', 2005, 9, 10),
(9665, 4674, 4674000009665, '2006JACO01', '333ni', 'Sweden', '_Europe', 2006, 10, 21),
(10365, 4655, 4655000010365, '2009RUFF01', '333ni', 'France', '_Europe', 2009, 12, 19),
(9691, 4642, 4642000009691, '2003WESS01', '333ni', 'Sweden', '_Europe', 2005, 12, 11),
(9664, 4605, 4605000009664, '2005GUST01', '333ni', 'Sweden', '_Europe', 2006, 10, 21),
(10384, 4603, 4603000010384, '2006ADAM01', 'skewb', 'USA', '_North America', 2010, 5, 23),
(7251, 4573, 4573000007251, '2005GREE02', 'rainb', 'USA', '_North America', 2005, 5, 28),
(10210, 4565, 4565000010210, '2009ANDE03', '333ni', 'Sweden', '_Europe', 2009, 4, 25),
(9924, 4528, 4528000009924, '2005TYLM01', '333ni', 'Sweden', '_Europe', 2008, 9, 6),
(10493, 4505, 4505000010493, '2010KELM01', 'skewb', 'USA', '_North America', 2010, 6, 5),
(10367, 4502, 4502000010367, '2009JACK01', '360', 'Germany', '_Europe', 2010, 1, 16),
(10413, 4409, 4409000010413, '2010LARS03', '333ni', 'Denmark', '_Europe', 2010, 4, 25),
(9667, 4390, 4390000009667, '2006BITE01', '333ni', 'Sweden', '_Europe', 2006, 10, 21),
(8891, 4388, 4388000008891, '2004KRIG01', '333si', 'Sweden', '_Europe', 2006, 12, 3),
(10299, 4356, 4356000010299, '2008PADL01', '360', 'Poland', '_Europe', 2009, 10, 9),
(10366, 4247, 4247000010366, '2007PROV01', '360', 'Netherlands', '_Europe', 2010, 1, 16),
(9920, 4240, 4240000009920, '2008WING03', '333ni', 'Sweden', '_Europe', 2008, 9, 6),
(9730, 4224, 4224000009730, '2004EKLU01', '333ni', 'Sweden', '_Europe', 2005, 9, 10),
(9688, 4187, 4187000009688, '2005GUST02', '333ni', 'Sweden', '_Europe', 2005, 12, 11),
(10173, 4161, 4161000010173, '2007ANDE01', 'skewb', 'USA', '_North America', 2009, 2, 28),
(10209, 4155, 4155000010209, '2003LARS01', '333ni', 'Sweden', '_Europe', 2009, 4, 25),
(10412, 4136, 4136000010412, '2010KAMP02', '333ni', 'Denmark', '_Europe', 2010, 4, 25),
(9921, 4127, 4127000009921, '2007KOLL01', '333ni', 'Sweden', '_Europe', 2008, 9, 6),
(9689, 4067, 4067000009689, '2005GUST01', '333ni', 'Sweden', '_Europe', 2005, 12, 11),
(10409, 4065, 4065000010409, '2009KRIS02', '333ni', 'Denmark', '_Europe', 2010, 4, 25),
(10298, 4052, 4052000010298, '2008SIMO02', '360', 'Italy', '_Europe', 2009, 10, 9),
(10460, 4050, 4050000010460, '2008YOUN02', 'mirbl', 'USA', '_North America', 2010, 8, 28),
(7250, 4039, 4039000007250, '2005DAYN01', 'rainb', 'USA', '_North America', 2005, 5, 28),
(10500, 3980, 3980000010500, '2010GABR01', 'mirbl', 'Germany', '_Europe', 2010, 10, 9),
(10499, 3977, 3977000010499, '2010ASEN01', 'mirbl', 'Germany', '_Europe', 2010, 10, 9),
(10498, 3941, 3941000010498, '2010HUFN01', 'mirbl', 'Germany', '_Europe', 2010, 10, 9),
(10410, 3906, 3906000010410, '2010JOHA02', '333ni', 'Denmark', '_Europe', 2010, 4, 25),
(10385, 3875, 3875000010385, '2006CORR01', 'skewb', 'USA', '_North America', 2010, 5, 23),
(9919, 3875, 3875000009919, '2008ERDA01', '333ni', 'Sweden', '_Europe', 2008, 9, 6),
(10362, 3866, 3866000010362, '2009RUFF02', '333ni', 'France', '_Europe', 2009, 12, 19),
(10297, 3866, 3866000010297, '2009SILV01', '360', 'Switzerland', '_Europe', 2009, 10, 9),
(10185, 3852, 3852000010185, '2008TOMI01', 'mirbl', 'Japan', '_Asia', 2009, 3, 28),
(10408, 3827, 3827000010408, '2010SVEN01', '333ni', 'Denmark', '_Europe', 2010, 4, 25),
(9918, 3800, 3800000009918, '2007CLAE02', '333ni', 'Sweden', '_Europe', 2008, 9, 6),
(9687, 3776, 3776000009687, '2005ULFE01', '333ni', 'Sweden', '_Europe', 2005, 12, 11),
(10377, 3702, 3702000010377, '2009SMIT05', '360', 'United Kingdom', '_Europe', 2009, 11, 7),
(7249, 3699, 3699000007249, '2003PATT01', 'rainb', 'USA', '_North America', 2005, 5, 28),
(10207, 3661, 3661000010207, '2005GUST01', '333ni', 'Sweden', '_Europe', 2009, 4, 25),
(10054, 3650, 3650000010054, '2006ARAK01', 'mirbl', 'Japan', '_Asia', 2008, 12, 20),
(9731, 3642, 3642000009731, '2005ORST02', '333ni', 'Sweden', '_Europe', 2005, 9, 10),
(10208, 3616, 3616000010208, '2007MOLI01', '333ni', 'Sweden', '_Europe', 2009, 4, 25),
(10073, 3597, 3597000010073, '2008LEME01', '333ni', 'France', '_Europe', 2008, 12, 20),
(10204, 3533, 3533000010204, '2009BERG01', '333ni', 'Sweden', '_Europe', 2009, 4, 25),
(10497, 3502, 3502000010497, '2010HAFN01', 'mirbl', 'Germany', '_Europe', 2010, 10, 9),
(10461, 3491, 3491000010461, '2008LIUE01', 'mirbl', 'USA', '_North America', 2010, 8, 28),
(10482, 3418, 3418000010482, '2007GOUL01', 'snake', 'United Kingdom', '_Europe', 2010, 9, 28),
(10407, 3413, 3413000010407, '2006BUUS02', '333ni', 'Denmark', '_Europe', 2010, 4, 25),
(10028, 3394, 3394000010028, '2006BITE01', '222oh', 'Sweden', '_Europe', 2008, 12, 6),
(9783, 3394, 3394000009783, '2007PERG01', '222bf', 'Hungary', '_Europe', 2008, 9, 6),
(9660, 3391, 3391000009660, '2006JOHA01', '333ni', 'Sweden', '_Europe', 2006, 10, 21),
(9917, 3375, 3375000009917, '2007MOLI01', '333ni', 'Sweden', '_Europe', 2008, 9, 6),
(9782, 3369, 3369000009782, '2006BUUS01', '222bf', 'Denmark', '_Europe', 2008, 9, 6),
(9661, 3363, 3363000009661, '2005ORST01', '333ni', 'Sweden', '_Europe', 2006, 10, 21),
(10206, 3338, 3338000010206, '2009SERT01', '333ni', 'Sweden', '_Europe', 2009, 4, 25),
(9729, 3255, 3255000009729, '2004NILS01', '333ni', 'Sweden', '_Europe', 2005, 9, 10),
(9711, 3252, 3252000009711, '2007HOLM01', '222oh', 'Sweden', '_Europe', 2007, 12, 15),
(9663, 3240, 3240000009663, '2005GUST02', '333ni', 'Sweden', '_Europe', 2006, 10, 21),
(9727, 3220, 3220000009727, '2005ASPE01', '333ni', 'Sweden', '_Europe', 2005, 9, 10),
(9685, 3214, 3214000009685, '2005RAND01', '333ni', 'Sweden', '_Europe', 2005, 12, 11),
(9916, 3172, 3172000009916, '2008KJOR01', '333ni', 'Sweden', '_Europe', 2008, 9, 6),
(9726, 3164, 3164000009726, '2004KODR01', '333ni', 'Sweden', '_Europe', 2005, 9, 10),
(9686, 3145, 3145000009686, '2005ORST01', '333ni', 'Sweden', '_Europe', 2005, 12, 11),
(10027, 3141, 3141000010027, '2003LARS01', '222oh', 'Sweden', '_Europe', 2008, 12, 6),
(6153, 3136, 3136000006153, '2005UGEL01', '333sbf', 'Norway', '_Europe', 2005, 11, 5),
(10124, 3121, 3121000010124, '2009AXEL02', 'snake', 'Sweden', '_Europe', 2009, 1, 17),
(9662, 3120, 3120000009662, '2005ASPE01', '333ni', 'Sweden', '_Europe', 2006, 10, 21),
(9914, 3103, 3103000009914, '2005GUST02', '333ni', 'Sweden', '_Europe', 2008, 9, 6),
(10205, 3102, 3102000010205, '2007BERG01', '333ni', 'Sweden', '_Europe', 2009, 4, 25),
(10474, 3081, 3081000010474, '2007GOUL01', 'skewb', 'United Kingdom', '_Europe', 2010, 9, 28),
(9650, 3038, 3038000009650, '2004FRED01', '333ni', 'Sweden', '_Europe', 2005, 3, 27),
(10496, 3030, 3030000010496, '2009KORB02', 'mirbl', 'Germany', '_Europe', 2010, 10, 9),
(9912, 3008, 3008000009912, '2007CHRI02', '333ni', 'Denmark', '_Europe', 2008, 9, 6),
(10202, 3008, 3008000010202, '2008LIDS01', '333ni', 'Sweden', '_Europe', 2009, 4, 25),
(10405, 2984, 2984000010405, '2009JENS03', '333ni', 'Denmark', '_Europe', 2010, 4, 25),
(9684, 2966, 2966000009684, '2004HERM01', '333ni', 'Sweden', '_Europe', 2005, 12, 11),
(9712, 2961, 2961000009712, '2003LARS01', '222oh', 'Sweden', '_Europe', 2007, 12, 15),
(9915, 2925, 2925000009915, '2008SKAR01', '333ni', 'Sweden', '_Europe', 2008, 9, 6),
(9911, 2922, 2922000009911, '2007HOLM02', '333ni', 'Sweden', '_Europe', 2008, 9, 6),
(10071, 2886, 2886000010071, '2008GYAN01', '333ni', 'United Kingdom', '_Europe', 2008, 12, 20),
(10406, 2863, 2863000010406, '2010UNDE01', '333ni', 'Denmark', '_Europe', 2010, 4, 25),
(9641, 2860, 2860000009641, '2005KOHN01', '333ni', 'Germany', '_Europe', 2006, 3, 18),
(9658, 2849, 2849000009658, '2006LECK01', '333ni', 'Sweden', '_Europe', 2006, 10, 21),
(10403, 2847, 2847000010403, '2010SHAP01', '333ni', 'Denmark', '_Europe', 2010, 4, 25),
(9913, 2846, 2846000009913, '2005GUST01', '333ni', 'Sweden', '_Europe', 2008, 9, 6),
(9910, 2833, 2833000009910, '2008SORM01', '333ni', 'Sweden', '_Europe', 2008, 9, 6),
(10201, 2809, 2809000010201, '2009OLOF01', '333ni', 'Sweden', '_Europe', 2009, 4, 25),
(10495, 2806, 2806000010495, '2010DEIM01', 'mirbl', 'Germany', '_Europe', 2010, 10, 9),
(9623, 2789, 2789000009623, '2005UGEL01', '333sbf', 'Norway', '_Europe', 2007, 1, 13),
(10072, 2786, 2786000010072, '2008COUR01', '333ni', 'France', '_Europe', 2008, 12, 20),
(10203, 2683, 2683000010203, '2009KARL02', '333ni', 'Sweden', '_Europe', 2009, 4, 25),
(10053, 2630, 2630000010053, '2008MATS02', 'mirbl', 'Japan', '_Asia', 2008, 12, 20),
(10411, 2625, 2625000010411, '2010DYBD01', '333ni', 'Denmark', '_Europe', 2010, 4, 25),
(10198, 2605, 2605000010198, '2009MORI01', '333ni', 'Sweden', '_Europe', 2009, 4, 25),
(10404, 2600, 2600000010404, '2010BECK01', '333ni', 'Denmark', '_Europe', 2010, 4, 25),
(10070, 2590, 2590000010070, '2007DESM01', '333ni', 'France', '_Europe', 2008, 12, 20),
(10026, 2575, 2575000010026, '2003VAND01', '222oh', 'Belgium', '_Europe', 2008, 12, 6),
(10069, 2563, 2563000010069, '2007DJIA01', '333ni', 'France', '_Europe', 2008, 12, 20),
(10492, 2544, 2544000010492, '2009RIZE01', 'skewb', 'USA', '_North America', 2010, 6, 5),
(9636, 2540, 2540000009636, '2004KRIG02', '222oh', 'Sweden', '_Europe', 2006, 3, 18),
(9725, 2524, 2524000009725, '2005GAIN01', '333ni', 'Sweden', '_Europe', 2005, 9, 10),
(10172, 2518, 2518000010172, '2008CHRI01', 'skewb', 'USA', '_North America', 2009, 2, 28),
(9647, 2498, 2498000009647, '2004BERG01', '333ni', 'Sweden', '_Europe', 2005, 3, 27),
(10199, 2481, 2481000010199, '2009ANDE02', '333ni', 'Sweden', '_Europe', 2009, 4, 25),
(9659, 2469, 2469000009659, '2006BLOM01', '333ni', 'Sweden', '_Europe', 2006, 10, 21),
(10200, 2468, 2468000010200, '2007HOLM02', '333ni', 'Sweden', '_Europe', 2009, 4, 25),
(10055, 2440, 2440000010055, '2008HASH02', 'mirbl', 'Japan', '_Asia', 2008, 12, 20),
(9763, 2434, 2434000009763, '2003BURT01', 'skewb', 'USA', '_North America', 2008, 6, 21),
(9656, 2428, 2428000009656, '2006BUUS01', '333ni', 'Denmark', '_Europe', 2006, 10, 21),
(1744, 2418, 2418000001744, '2005UGEL01', '333sbf', 'Norway', '_Europe', 2006, 10, 21),
(9755, 2408, 2408000009755, '2006OKAY01', 'skewb', 'Japan', '_Asia', 2008, 3, 29),
(10050, 2402, 2402000010050, '2007KOLL01', 'snake', 'Sweden', '_Europe', 2008, 12, 6),
(10361, 2397, 2397000010361, '2009PETI01', '333ni', 'France', '_Europe', 2009, 12, 19),
(9764, 2377, 2377000009764, '2007ANDE01', 'skewb', 'USA', '_North America', 2008, 6, 21),
(10170, 2375, 2375000010170, '2006NORS01', 'skewb', 'USA', '_North America', 2009, 2, 28),
(10160, 2351, 2351000010160, '2007LEMO01', 'snake', 'France', '_Europe', 2009, 2, 28),
(9909, 2346, 2346000009909, '2007CLAE01', '333ni', 'Sweden', '_Europe', 2008, 9, 6),
(9655, 2340, 2340000009655, '2004KRIG02', '333ni', 'Sweden', '_Europe', 2006, 10, 21),
(9908, 2336, 2336000009908, '2008DELV01', '333ni', 'Sweden', '_Europe', 2008, 9, 6),
(10065, 2325, 2325000010065, '2007LEMO01', '333ni', 'France', '_Europe', 2008, 12, 20),
(2249, 2306, 2306000002249, '2004GALL02', '333sbf', 'France', '_Europe', 2006, 9, 23),
(10402, 2302, 2302000010402, '2007CHRI02', '333ni', 'Denmark', '_Europe', 2010, 4, 25),
(9680, 2300, 2300000009680, '2004KRIG02', '222oh', 'Sweden', '_Europe', 2005, 12, 11),
(10068, 2296, 2296000010068, '2008RAYN01', '333ni', 'France', '_Europe', 2008, 12, 20),
(10197, 2269, 2269000010197, '2004HERM01', '333ni', 'Sweden', '_Europe', 2009, 4, 25),
(9654, 2268, 2268000009654, '2006LIND01', '333ni', 'Sweden', '_Europe', 2006, 10, 21),
(10360, 2266, 2266000010360, '2008GYAN01', '333ni', 'United Kingdom', '_Europe', 2009, 12, 19),
(10401, 2240, 2240000010401, '2010THOM01', '333ni', 'Denmark', '_Europe', 2010, 4, 25),
(9723, 2224, 2224000009723, '2005HILL01', '333ni', 'Sweden', '_Europe', 2005, 9, 10),
(9675, 2178, 2178000009675, '2006JOHA01', '222oh', 'Sweden', '_Europe', 2006, 10, 21),
(9906, 2165, 2165000009906, '2006SOUC01', '333ni', 'France', '_Europe', 2008, 9, 6),
(10067, 2161, 2161000010067, '2007PLAN01', '333ni', 'France', '_Europe', 2008, 12, 20),
(9709, 2156, 2156000009709, '2006GALE01', '222oh', 'Netherlands', '_Europe', 2007, 12, 15),
(10066, 2130, 2130000010066, '2008LAUR01', '333ni', 'France', '_Europe', 2008, 12, 20),
(9653, 2117, 2117000009653, '2006GERH01', '333ni', 'Sweden', '_Europe', 2006, 10, 21),
(10167, 2105, 2105000010167, '2004GALL02', 'magicc', 'France', '_Europe', 2009, 2, 28),
(10358, 2100, 2100000010358, '2007LEMO01', '333ni', 'France', '_Europe', 2009, 12, 19),
(10184, 2093, 2093000010184, '2008HASH02', 'mirbl', 'Japan', '_Asia', 2009, 3, 28),
(9761, 2075, 2075000009761, '2003BABC01', 'skewb', 'USA', '_North America', 2008, 6, 21),
(9657, 2071, 2071000009657, '2006OHMA01', '333ni', 'Sweden', '_Europe', 2006, 10, 21),
(9754, 2036, 2036000009754, '2005TAKA01', 'skewb', 'Japan', '_Asia', 2008, 3, 29),
(9714, 2022, 2022000009714, '2005GUST01', '222oh', 'Sweden', '_Europe', 2007, 12, 15),
(9682, 2013, 2013000009682, '2004KRIG01', '333ni', 'Sweden', '_Europe', 2005, 12, 11),
(10359, 2003, 2003000010359, '2004GALL02', '333ni', 'France', '_Europe', 2009, 12, 19),
(9756, 2002, 2002000009756, '2006ARAK02', 'skewb', 'Japan', '_Asia', 2008, 3, 29),
(9676, 1985, 1985000009676, '2006BUUS01', '222oh', 'Denmark', '_Europe', 2006, 10, 21),
(10490, 1983, 1983000010490, '2009LEVY01', 'skewb', 'USA', '_North America', 2010, 6, 5),
(8897, 1979, 1979000008897, '2005GUST02', 'snake', 'Sweden', '_Europe', 2006, 12, 3),
(9762, 1969, 1969000009762, '2007LOGA01', 'skewb', 'USA', '_North America', 2008, 6, 21),
(9907, 1968, 1968000009907, '2006JOHA01', '333ni', 'Sweden', '_Europe', 2008, 9, 6),
(9681, 1966, 1966000009681, '2005GUST01', '222oh', 'Sweden', '_Europe', 2005, 12, 11),
(10473, 1952, 1952000010473, '2005GUST02', 'skewb', 'Sweden', '_Europe', 2010, 9, 28),
(10171, 1921, 1921000010171, '2008JOHN02', 'skewb', 'USA', '_North America', 2009, 2, 28),
(10400, 1905, 1905000010400, '2009SEVE01', '333ni', 'Denmark', '_Europe', 2010, 4, 25),
(10196, 1897, 1897000010196, '2007CLAE01', '333ni', 'Sweden', '_Europe', 2009, 4, 25),
(10025, 1896, 1896000010025, '2007GOUL01', '222oh', 'United Kingdom', '_Europe', 2008, 12, 6),
(9702, 1891, 1891000009702, '2005LANG01', 'magico', 'Sweden', '_Europe', 2005, 12, 11),
(10357, 1891, 1891000010357, '2008LEME01', '333ni', 'France', '_Europe', 2009, 12, 19),
(10064, 1890, 1890000010064, '2004GALL02', '333ni', 'France', '_Europe', 2008, 12, 20),
(9904, 1886, 1886000009904, '2008WEST02', '333ni', 'Sweden', '_Europe', 2008, 9, 6),
(9903, 1875, 1875000009903, '2005GAIN01', '333ni', 'Sweden', '_Europe', 2008, 9, 6),
(9683, 1854, 1854000009683, '2004KRIG02', '333ni', 'Sweden', '_Europe', 2005, 12, 11),
(10399, 1843, 1843000010399, '2008ANDE02', '333ni', 'Denmark', '_Europe', 2010, 4, 25),
(9902, 1833, 1833000009902, '2007GOUL01', '333ni', 'United Kingdom', '_Europe', 2008, 9, 6),
(9752, 1819, 1819000009752, '2007DODE01', 'skewb', 'Japan', '_Asia', 2008, 3, 29),
(10063, 1815, 1815000010063, '2008HANK01', '333ni', 'Thailand', '_Asia', 2008, 12, 20),
(9679, 1793, 1793000009679, '2004KRIG01', '222oh', 'Sweden', '_Europe', 2005, 12, 11),
(10397, 1791, 1791000010397, '2008BORU01', '333ni', 'Denmark', '_Europe', 2010, 4, 25),
(10383, 1784, 1784000010383, '2009LEST01', 'skewb', 'USA', '_North America', 2010, 5, 23),
(9652, 1753, 1753000009652, '2004KRIG01', '333ni', 'Sweden', '_Europe', 2006, 10, 21),
(9700, 1752, 1752000009700, '2005RAND01', 'magico', 'Sweden', '_Europe', 2005, 12, 11),
(9899, 1747, 1747000009899, '2007HOLM01', '333ni', 'Sweden', '_Europe', 2008, 9, 6),
(9900, 1734, 1734000009900, '2007CLAE03', '333ni', 'Sweden', '_Europe', 2008, 9, 6),
(9721, 1729, 1729000009721, '2005VANH01', '333ni', 'Finland', '_Europe', 2005, 9, 10),
(8896, 1728, 1728000008896, '2005GUST01', 'snake', 'Sweden', '_Europe', 2006, 12, 3),
(9898, 1715, 1715000009898, '2006BUUS01', '333ni', 'Denmark', '_Europe', 2008, 9, 6),
(10195, 1706, 1706000010195, '2007CLAE03', '333ni', 'Sweden', '_Europe', 2009, 4, 25),
(10194, 1683, 1683000010194, '2007LUND01', '333ni', 'Sweden', '_Europe', 2009, 4, 25),
(10355, 1669, 1669000010355, '2008LAUR01', '333ni', 'France', '_Europe', 2009, 12, 19),
(10471, 1665, 1665000010471, '2010RONK01', 'skewb', 'Finland', '_Europe', 2010, 9, 28),
(9901, 1665, 1665000009901, '2007PERG01', '333ni', 'Hungary', '_Europe', 2008, 9, 6),
(9635, 1653, 1653000009635, '2005GUST01', '222oh', 'Sweden', '_Europe', 2006, 3, 18),
(10356, 1638, 1638000010356, '2008VIRO01', '333ni', 'France', '_Europe', 2009, 12, 19),
(10491, 1611, 1611000010491, '2006NORS01', 'skewb', 'USA', '_North America', 2010, 6, 5),
(9638, 1594, 1594000009638, '2005VANH01', '333ni', 'Finland', '_Europe', 2006, 3, 18),
(10398, 1566, 1566000010398, '2006BUUS01', '333ni', 'Denmark', '_Europe', 2010, 4, 25),
(9905, 1547, 1547000009905, '2007LUND01', '333ni', 'Sweden', '_Europe', 2008, 9, 6),
(9710, 1528, 1528000009710, '2006ASPE01', '222oh', 'Sweden', '_Europe', 2007, 12, 15),
(10166, 1516, 1516000010166, '2008POTR01', 'magicc', 'France', '_Europe', 2009, 2, 28),
(9897, 1508, 1508000009897, '2004KRIG01', '333ni', 'Sweden', '_Europe', 2008, 9, 6),
(10162, 1488, 1488000010162, '2004GALL02', 'magccc', 'France', '_Europe', 2009, 2, 28),
(10158, 1488, 1488000010158, '2008COUR01', 'snake', 'France', '_Europe', 2009, 2, 28),
(10342, 1477, 1477000010342, '2007PERD01', 'magicb', 'France', '_Europe', 2009, 9, 12),
(10354, 1471, 1471000010354, '2008HANK01', '333ni', 'France', '_Europe', 2009, 12, 19),
(9739, 1443, 1443000009739, '2006JOHA01', 'snake', 'Sweden', '_Europe', 2007, 12, 15),
(8895, 1442, 1442000008895, '2005KOCZ01', 'snake', 'Hungary', '_Europe', 2006, 12, 3),
(9750, 1430, 1430000009750, '2006OOKU02', 'skewb', 'Japan', '_Asia', 2008, 3, 29),
(10169, 1428, 1428000010169, '2003RUET01', 'skewb', 'USA', '_North America', 2009, 2, 28),
(10048, 1424, 1424000010048, '2008RUND02', 'snake', 'Sweden', '_Europe', 2008, 12, 6),
(10481, 1388, 1388000010481, '2009SEVE01', 'snake', 'Denmark', '_Europe', 2010, 9, 28),
(10489, 1361, 1361000010489, '2007HUGH01', 'skewb', 'USA', '_North America', 2010, 6, 5),
(9753, 1355, 1355000009753, '2006OOKU01', 'skewb', 'Japan', '_Asia', 2008, 3, 29),
(10164, 1343, 1343000010164, '2004GALL02', 'magicb', 'France', '_Europe', 2009, 2, 28),
(9759, 1333, 1333000009759, '2007HEVE01', 'skewb', 'USA', '_North America', 2008, 6, 21),
(9054, 1303, 1303000009054, '2005GUST02', 'snake', 'Sweden', '_Europe', 2007, 1, 13),
(9707, 1302, 1302000009707, '2004CHAM01', '222oh', 'France', '_Europe', 2007, 12, 15),
(10062, 1294, 1294000010062, '2004CHAM01', '333ni', 'France', '_Europe', 2008, 12, 20),
(9751, 1294, 1294000009751, '2006SUZU01', 'skewb', 'Japan', '_Asia', 2008, 3, 29),
(9673, 1288, 1288000009673, '2006GERH01', '222oh', 'Sweden', '_Europe', 2006, 10, 21),
(9749, 1271, 1271000009749, '2006JOHA01', 'snake', 'Sweden', '_Europe', 2008, 3, 8),
(9744, 1266, 1266000009744, '2005GUST02', 'snake', 'Sweden', '_Europe', 2008, 2, 23),
(10341, 1206, 1206000010341, '2007POLS01', 'magicb', 'Belgium', '_Europe', 2009, 9, 12),
(9738, 1185, 1185000009738, '2007RUND01', 'snake', 'Sweden', '_Europe', 2007, 12, 15),
(10336, 1165, 1165000010336, '2007PERD01', 'magicc', 'France', '_Europe', 2009, 9, 12),
(10047, 1155, 1155000010047, '2008LUND04', 'snake', 'Sweden', '_Europe', 2008, 12, 6),
(9970, 1150, 1150000009970, '2008POHJ01', 'snake', 'Finland', '_Europe', 2008, 10, 25),
(10121, 1144, 1144000010121, '2008MOSS01', 'snake', 'Sweden', '_Europe', 2009, 1, 17),
(9701, 1139, 1139000009701, '2004KRIG02', 'magico', 'Sweden', '_Europe', 2005, 12, 11),
(10480, 1122, 1122000010480, '2008MART07', 'snake', 'Finland', '_Europe', 2010, 9, 28),
(10479, 1122, 1122000010479, '2005GUST02', 'snake', 'Sweden', '_Europe', 2010, 9, 28),
(10122, 1097, 1097000010122, '2009BRUD01', 'snake', 'Sweden', '_Europe', 2009, 1, 17),
(9760, 1097, 1097000009760, '2007ALIS01', 'skewb', 'USA', '_North America', 2008, 6, 21),
(9969, 1096, 1096000009969, '2008PYSS01', 'snake', 'Finland', '_Europe', 2008, 10, 25),
(10023, 1091, 1091000010023, '2004KRIG01', '222oh', 'Sweden', '_Europe', 2008, 12, 6),
(9671, 1067, 1067000009671, '2004KRIG01', '222oh', 'Sweden', '_Europe', 2006, 10, 21),
(10022, 1055, 1055000010022, '2006JOHA01', '222oh', 'Sweden', '_Europe', 2008, 12, 6),
(10024, 1047, 1047000010024, '2007HOLM01', '222oh', 'Sweden', '_Europe', 2008, 12, 6),
(10123, 1044, 1044000010123, '2005GUST02', 'snake', 'Sweden', '_Europe', 2009, 1, 17),
(9720, 1034, 1034000009720, '2003POCH01', 'magico', 'Germany', '_Europe', 2005, 11, 5),
(9770, 1033, 1033000009770, '2007VALK01', 'snake', 'Netherlands', '_Europe', 2008, 7, 19),
(9703, 1030, 1030000009703, '2005AKKE01', '222oh', 'Netherlands', '_Europe', 2007, 12, 15),
(9706, 1025, 1025000009706, '2004KRIG01', '222oh', 'Sweden', '_Europe', 2007, 12, 15),
(7248, 1020, 1020000007248, '2005PARL01', 'rainb', 'USA', '_North America', 2005, 5, 28),
(10159, 993, 993000010159, '2007DUSS01', 'snake', 'France', '_Europe', 2009, 2, 28),
(10051, 984, 984000010051, '2007HOLM01', 'snake', 'Sweden', '_Europe', 2008, 12, 6),
(9758, 966, 966000009758, '2003RUET01', 'skewb', 'USA', '_North America', 2008, 6, 21),
(10021, 925, 925000010021, '2006BUUS01', '222oh', 'Denmark', '_Europe', 2008, 12, 6),
(10340, 915, 915000010340, '2007PERD01', 'magccc', 'France', '_Europe', 2009, 9, 12),
(9672, 892, 892000009672, '2005ASPE01', '222oh', 'Sweden', '_Europe', 2006, 10, 21),
(10353, 891, 891000010353, '2005AKKE01', 'snake', 'Netherlands', '_Europe', 2009, 12, 5),
(9716, 890, 890000009716, '2005AKKE01', 'snake', 'Netherlands', '_Europe', 2007, 12, 15),
(9705, 875, 875000009705, '2005VANH01', '222oh', 'Finland', '_Europe', 2007, 12, 15),
(10470, 875, 875000010470, '2010ARBO01', 'skewb', 'Finland', '_Europe', 2010, 9, 28),
(8894, 824, 824000008894, '2004KRIG01', 'snake', 'Sweden', '_Europe', 2006, 12, 3),
(10020, 815, 815000010020, '2005ASPE01', '222oh', 'Sweden', '_Europe', 2008, 12, 6),
(9715, 815, 815000009715, '2005ASPE01', 'snake', 'Sweden', '_Europe', 2007, 12, 15),
(10335, 805, 805000010335, '2007POLS01', 'magicc', 'Belgium', '_Europe', 2009, 9, 12),
(9704, 793, 793000009704, '2005ASPE01', '222oh', 'Sweden', '_Europe', 2007, 12, 15),
(9968, 763, 763000009968, '2007PYSS01', 'snake', 'Finland', '_Europe', 2008, 10, 25),
(10339, 746, 746000010339, '2007POLS01', 'magccc', 'Belgium', '_Europe', 2009, 9, 12),
(9776, 734, 734000009776, '2007BERG01', 'snake', 'Sweden', '_Europe', 2008, 9, 6),
(10119, 725, 725000010119, '2003LARS01', 'snake', 'Sweden', '_Europe', 2009, 1, 17),
(10045, 715, 715000010045, '2008NORD01', 'snake', 'Sweden', '_Europe', 2008, 12, 6),
(10120, 713, 713000010120, '2008NORD01', 'snake', 'Sweden', '_Europe', 2009, 1, 17),
(10182, 702, 702000010182, '2007HELL01', 'snake', 'Finland', '_Europe', 2009, 3, 7),
(10338, 666, 666000010338, '2008POTR01', 'magccc', 'France', '_Europe', 2009, 9, 12),
(10472, 663, 663000010472, '2007HELL01', 'skewb', 'Finland', '_Europe', 2010, 9, 28),
(10477, 659, 659000010477, '2007HELL01', 'snake', 'Finland', '_Europe', 2010, 9, 28),
(9767, 644, 644000009767, '2003LARS01', 'snake', 'Sweden', '_Europe', 2008, 7, 19),
(10352, 642, 642000010352, '2009ZAND01', 'snake', 'Sweden', '_Europe', 2009, 12, 5),
(9708, 641, 641000009708, '2006JOHA01', '222oh', 'Sweden', '_Europe', 2007, 12, 15),
(9775, 636, 636000009775, '2006SOUC01', 'snake', 'France', '_Europe', 2008, 9, 6),
(10382, 634, 634000010382, '2009BIRD01', 'skewb', 'USA', '_North America', 2010, 5, 23),
(10478, 631, 631000010478, '2008JUKK01', 'snake', 'Finland', '_Europe', 2010, 9, 28),
(10046, 628, 628000010046, '2007RUND01', 'snake', 'Sweden', '_Europe', 2008, 12, 6),
(9967, 613, 613000009967, '2008JUKK01', 'snake', 'Finland', '_Europe', 2008, 10, 25),
(9778, 608, 608000009778, '2008WEST02', 'snake', 'Sweden', '_Europe', 2008, 9, 6),
(9777, 596, 596000009777, '2006BUUS01', 'snake', 'Denmark', '_Europe', 2008, 9, 6),
(10181, 590, 590000010181, '2007PYSS01', 'snake', 'Finland', '_Europe', 2009, 3, 7),
(10157, 580, 580000010157, '2008HANK01', 'snake', 'Thailand', '_Asia', 2009, 2, 28),
(9053, 574, 574000009053, '2007TIIN01', 'snake', 'Finland', '_Europe', 2007, 1, 13),
(10043, 566, 566000010043, '2008RUND01', 'snake', 'Sweden', '_Europe', 2008, 12, 6),
(9625, 554, 554000009625, '2005GUST01', 'snake', 'Sweden', '_Europe', 2007, 8, 18),
(9772, 550, 550000009772, '2007CLAE02', 'snake', 'Sweden', '_Europe', 2008, 9, 6),
(10180, 543, 543000010180, '2008JUKK01', 'snake', 'Finland', '_Europe', 2009, 3, 7),
(9719, 496, 496000009719, '2005MUNJ01', 'magico', 'USA', '_North America', 2005, 11, 5),
(10191, 486, 486000010191, '2008RUND01', 'snake', 'Sweden', '_Europe', 2009, 4, 25),
(9052, 486, 486000009052, '2007LAIR02', 'snake', 'Finland', '_Europe', 2007, 1, 13),
(9745, 472, 472000009745, '2007HELL01', 'snake', 'Finland', '_Europe', 2008, 2, 23),
(10042, 469, 469000010042, '2009SERT01', 'snake', 'Sweden', '_Europe', 2008, 12, 6),
(10190, 441, 441000010190, '2005GUST01', 'snake', 'Sweden', '_Europe', 2009, 4, 25),
(10475, 419, 419000010475, '2007TIIN01', 'snake', 'Finland', '_Europe', 2010, 9, 28),
(10192, 413, 413000010192, '2009BLOM01', 'snake', 'Sweden', '_Europe', 2009, 4, 25),
(10476, 405, 405000010476, '2010RONK01', 'snake', 'Finland', '_Europe', 2010, 9, 28),
(9718, 389, 389000009718, '2003BURT01', 'magico', 'USA', '_North America', 2005, 11, 5),
(9766, 372, 372000009766, '2007TIIN01', 'snake', 'Finland', '_Europe', 2008, 7, 19),
(10041, 358, 358000010041, '2005GUST01', 'snake', 'Sweden', '_Europe', 2008, 12, 6),
(10178, 341, 341000010178, '2007TIIN01', 'snake', 'Finland', '_Europe', 2009, 3, 7),
(10189, 293, 293000010189, '2007HOLM02', 'snake', 'Sweden', '_Europe', 2009, 4, 25),
(10040, 293, 293000010040, '2007HOLM02', 'snake', 'Sweden', '_Europe', 2008, 12, 6),
(9050, 266, 266000009050, '2007LAIR01', 'snake', 'Finland', '_Europe', 2007, 1, 13),
(9740, 252, 252000009740, '2007LAIR01', 'snake', 'Finland', '_Europe', 2008, 2, 23),
(10348, 213, 213000010348, '2009SERT01', 'snake', 'Sweden', '_Europe', 2009, 12, 5);

-- --------------------------------------------------------

--
-- Table structure for table `Continents`
--

CREATE TABLE `Continents` (
  `id` varchar(50) NOT NULL DEFAULT '',
  `name` varchar(50) NOT NULL DEFAULT '',
  `recordName` varchar(3) NOT NULL DEFAULT ''
) ENGINE=MyISAM DEFAULT CHARSET=utf8mb3 COLLATE=utf8mb3_unicode_ci;

--
-- Dumping data for table `Continents`
--

INSERT INTO `Continents` (`id`, `name`, `recordName`) VALUES
('_Africa', 'Africa', 'AfR'),
('_Asia', 'Asia', 'AsR'),
('_Australia', 'Australia', 'AuR'),
('_Europe', 'Europe', 'ER'),
('_North America', 'North America', 'NAR'),
('_South America', 'South America', 'SAR');

-- --------------------------------------------------------

--
-- Table structure for table `Countries`
--

CREATE TABLE `Countries` (
  `id` varchar(50) NOT NULL DEFAULT '',
  `name` varchar(50) NOT NULL DEFAULT '',
  `continentId` varchar(50) NOT NULL DEFAULT ''
) ENGINE=MyISAM DEFAULT CHARSET=utf8mb3 COLLATE=utf8mb3_unicode_ci;

--
-- Dumping data for table `Countries`
--

INSERT INTO `Countries` (`id`, `name`, `continentId`) VALUES
('Afghanistan', 'Afghanistan', '_Asia'),
('Albania', 'Albania', '_Europe'),
('Algeria', 'Algeria', '_Africa'),
('Angola', 'Angola', '_Africa'),
('Anguilla', 'Anguilla', '_North America'),
('Antigua', 'Antigua', '_North America'),
('Argentina', 'Argentina', '_South America'),
('Armenia', 'Armenia', '_Europe'),
('Aruba', 'Aruba', '_North America'),
('Australia', 'Australia', '_Australia'),
('Austria', 'Austria', '_Europe'),
('Azerbaijan', 'Azerbaijan', '_Europe'),
('Bahamas', 'Bahamas', '_North America'),
('Bahrain', 'Bahrain', '_Asia'),
('Bangladesh', 'Bangladesh', '_Asia'),
('Barbados', 'Barbados', '_North America'),
('Belarus', 'Belarus', '_Europe'),
('Belgium', 'Belgium', '_Europe'),
('Belize', 'Belize', '_North America'),
('Benin', 'Benin', '_Africa'),
('Bhutan', 'Bhutan', '_Asia'),
('Bolivia', 'Bolivia', '_South America'),
('Bosnia & Herzegovina', 'Bosnia & Herzegovina', '_Europe'),
('Botswana', 'Botswana', '_Africa'),
('Brazil', 'Brazil', '_South America'),
('British Virgin Islands', 'British Virgin Islands', '_North America'),
('Brunei', 'Brunei', '_Asia'),
('Bulgaria', 'Bulgaria', '_Europe'),
('Burkino Faso', 'Burkino Faso', '_Africa'),
('Burma', 'Burma', '_Asia'),
('Cambodia', 'Cambodia', '_Asia'),
('Cameroon', 'Cameroon', '_Africa'),
('Canada', 'Canada', '_North America'),
('Central African Republic', 'Central African Republic', '_Africa'),
('Chad', 'Chad', '_Africa'),
('Chile', 'Chile', '_South America'),
('China', 'China', '_Asia'),
('Columbia', 'Columbia', '_South America'),
('Comoros', 'Comoros', '_Africa'),
('Cook Islands', 'Cook Islands', '_Asia'),
('Costa Rica', 'Costa Rica', '_North America'),
('Cote d\'Ivoire', 'Cote d\'Ivoire', '_Africa'),
('Croatia', 'Croatia', '_Europe'),
('Cuba', 'Cuba', '_North America'),
('Cyprus', 'Cyprus', '_Europe'),
('Czech Republic', 'Czech Republic', '_Europe'),
('Democratic Republic Of The Congo', 'Democratic Republic Of The Congo', '_Africa'),
('Denmark', 'Denmark', '_Europe'),
('Djibouti', 'Djibouti', '_Africa'),
('Dominica', 'Dominica', '_North America'),
('Dominican Republic', 'Dominican Republic', '_North America'),
('Egypt', 'Egypt', '_Africa'),
('El Salvador', 'El Salvador', '_North America'),
('Equatorial Guinea', 'Equatorial Guinea', '_Africa'),
('Eritrea', 'Eritrea', '_Africa'),
('Estonia', 'Estonia', '_Europe'),
('Ethiopia', 'Ethiopia', '_Africa'),
('Fiji', 'Fiji', '_Australia'),
('Finland', 'Finland', '_Europe'),
('France', 'France', '_Europe'),
('French Guiana', 'French Guiana', '_South America'),
('French Polynesia', 'French Polynesia', '_Australia'),
('Gabon', 'Gabon', '_Africa'),
('Gambia', 'Gambia', '_Africa'),
('Germany', 'Germany', '_Europe'),
('Ghana', 'Ghana', '_Africa'),
('Ginea', 'Ginea', '_Africa'),
('Greece', 'Greece', '_Europe'),
('Grenada', 'Grenada', '_North America'),
('Guatemala', 'Guatemala', '_North America'),
('Guernsey', 'Guernsey', '_Europe'),
('Guinea', 'Guinea', '_Africa'),
('Guyana', 'Guyana', '_South America'),
('Haiti', 'Haiti', '_North America'),
('Honduras', 'Honduras', '_North America'),
('Hong Kong', 'Hong Kong', '_Asia'),
('Hungary', 'Hungary', '_Europe'),
('Iceland', 'Iceland', '_Europe'),
('India', 'India', '_Asia'),
('Indonesia', 'Indonesia', '_Asia'),
('Iran', 'Iran', '_Asia'),
('Iraq', 'Iraq', '_Asia'),
('Ireland', 'Ireland', '_Europe'),
('Isle of Man', 'Isle of Man', '_Europe'),
('Israel', 'Israel', '_Europe'),
('Italy', 'Italy', '_Europe'),
('Jamaica', 'Jamaica', '_North America'),
('Japan', 'Japan', '_Asia'),
('Jordan', 'Jordan', '_Asia'),
('Kazakhstan', 'Kazakhstan', '_Asia'),
('Kenya', 'Kenya', '_Africa'),
('Kiribati', 'Kiribati', '_Australia'),
('Korea', 'Korea', '_Asia'),
('Kuwait', 'Kuwait', '_Asia'),
('Laos', 'Laos', '_Asia'),
('Latvia', 'Latvia', '_Europe'),
('Lebanon', 'Lebanon', '_Asia'),
('Lesotho', 'Lesotho', '_Africa'),
('Liberia', 'Liberia', '_Africa'),
('Libya', 'Libya', '_Africa'),
('Lithuania', 'Lithuania', '_Europe'),
('Luxembourg', 'Luxembourg', '_Europe'),
('Macau', 'Macau', '_Asia'),
('Macedonia', 'Macedonia', '_Europe'),
('Madagascar', 'Madagascar', '_Africa'),
('Malawi', 'Malawi', '_Africa'),
('Malaysia', 'Malaysia', '_Asia'),
('Mali', 'Mali', '_Africa'),
('Malta', 'Malta', '_Europe'),
('Marshall Islands', 'Marshall Islands', '_Australia'),
('Mauritania', 'Mauritania', '_Africa'),
('Mayotte', 'Mayotte', '_Africa'),
('Mexico', 'Mexico', '_North America'),
('Moldova', 'Moldova', '_Europe'),
('Mongolia', 'Mongolia', '_Asia'),
('Montenegro', 'Montenegro', '_Europe'),
('Montserrat', 'Montserrat', '_North America'),
('Morocco', 'Morocco', '_Africa'),
('Mozambique', 'Mozambique', '_Africa'),
('Namibia', 'Namibia', '_Africa'),
('Narau', 'Narau', '_Australia'),
('Nepal', 'Nepal', '_Asia'),
('Netherlands', 'Netherlands', '_Europe'),
('New Caledonia', 'New Caledonia', '_Australia'),
('New Zealand', 'New Zealand', '_Australia'),
('Nicaragua', 'Nicaragua', '_North America'),
('Niger', 'Niger', '_Africa'),
('Nigeria', 'Nigeria', '_Africa'),
('Niue', 'Niue', '_Australia'),
('North Korea', 'North Korea', '_Asia'),
('Norway', 'Norway', '_Europe'),
('Oman', 'Oman', '_Asia'),
('Pakistan', 'Pakistan', '_Asia'),
('Palestine', 'Palestine', '_Asia'),
('Panama', 'Panama', '_North America'),
('Papua New Guinea', 'Papua New Guinea', '_Australia'),
('Paraguay', 'Paraguay', '_South America'),
('Peru', 'Peru', '_South America'),
('Philippines', 'Philippines', '_Asia'),
('Pitcairn Islands', 'Pitcairn Islands', '_Australia'),
('Poland', 'Poland', '_Europe'),
('Portugal', 'Portugal', '_Europe'),
('Puerto Rico', 'Puerto Rico', '_North America'),
('Qatar', 'Qatar', '_Asia'),
('Republic Of Georgia', 'Republic Of Georgia', '_Europe'),
('Republic Of The Congo', 'Republic Of The Congo', '_Africa'),
('Romania', 'Romania', '_Europe'),
('Russia', 'Russia', '_Europe'),
('Saint Kitts & Nevis', 'Saint Kitts & Nevis', '_North America'),
('Saint Lucia', 'Saint Lucia', '_North America'),
('Saint Vincent & the Grenadines', 'Saint Vincent & the Grenadines', '_North America'),
('Samoa', 'Samoa', '_Australia'),
('San Marino', 'San Marino', '_Europe'),
('Sao Tome & Principe', 'Sao Tome & Principe', '_Africa'),
('Saudi Arabia', 'Saudi Arabia', '_Asia'),
('Senegal', 'Senegal', '_Africa'),
('Serbia', 'Serbia', '_Europe'),
('Sierra Lione', 'Sierra Lione', '_Africa'),
('Singapore', 'Singapore', '_Asia'),
('Slovakia', 'Slovakia', '_Europe'),
('Slovenia', 'Slovenia', '_Europe'),
('Solomon Islands', 'Solomon Islands', '_Australia'),
('Somalia', 'Somalia', '_Africa'),
('South Africa', 'South Africa', '_Africa'),
('Spain', 'Spain', '_Europe'),
('Sri Lanka', 'Sri Lanka', '_Asia'),
('Sudan', 'Sudan', '_Africa'),
('Suriname', 'Suriname', '_South America'),
('Swaziland', 'Swaziland', '_Africa'),
('Sweden', 'Sweden', '_Europe'),
('Switzerland', 'Switzerland', '_Europe'),
('Syria', 'Syria', '_Asia'),
('Taiwan', 'Taiwan', '_Asia'),
('Tanzania', 'Tanzania', '_Africa'),
('Thailand', 'Thailand', '_Asia'),
('Togo', 'Togo', '_Africa'),
('Tonga', 'Tonga', '_Australia'),
('Trinidad & Tobago', 'Trinidad & Tobago', '_North America'),
('Tunisia', 'Tunisia', '_Africa'),
('Turkey', 'Turkey', '_Europe'),
('Turks & Caicos Islands', 'Turks & Caicos Islands', '_North America'),
('Tuvalu', 'Tuvalu', '_Australia'),
('Uganda', 'Uganda', '_Africa'),
('Ukraine', 'Ukraine', '_Europe'),
('United Arab Emirates', 'United Arab Emirates', '_Asia'),
('United Kingdom', 'United Kingdom', '_Europe'),
('Uruguay', 'Uruguay', '_South America'),
('USA', 'USA', '_North America'),
('Vanuatu', 'Vanuatu', '_Australia'),
('Venezuela', 'Venezuela', '_South America'),
('Vietnam', 'Vietnam', '_Asia'),
('Yemen', 'Yemen', '_Asia'),
('Yugoslavia', 'Yugoslavia', '_Europe'),
('Zambia', 'Zambia', '_Africa'),
('Zimbabwe', 'Zimbabwe', '_Africa');

-- --------------------------------------------------------

--
-- Table structure for table `Events`
--

CREATE TABLE `Events` (
  `id` varchar(6) NOT NULL DEFAULT '',
  `name` varchar(54) NOT NULL DEFAULT '',
  `rank` int(11) NOT NULL DEFAULT 0,
  `format` varchar(10) NOT NULL DEFAULT '',
  `cellName` varchar(45) NOT NULL DEFAULT ''
) ENGINE=MyISAM DEFAULT CHARSET=utf8mb3 COLLATE=utf8mb3_unicode_ci PACK_KEYS=0;

--
-- Dumping data for table `Events`
--

INSERT INTO `Events` (`id`, `name`, `rank`, `format`, `cellName`) VALUES
('rainb', 'Rainbow Cube', 100, '1', 'Rainbow Cube'),
('skewb', 'Skewb', 110, '1', 'Skewb'),
('333si', 'Siamese Rubik\'s Cube', 120, '1', 'Siamese Cube'),
('snake', 'Rubik\'s Snake', 130, '1', 'Rubik\'s Snake'),
('mirbl', 'Mirror Blocks', 140, '1', 'Mirror Blocks'),
('360', 'Rubik\'s 360', 150, '1', 'Rubik\'s 360'),
('mstmo', 'Mastermorphix', 160, '1', 'Mastermorphix'),
('illus', 'V-CUBE Illusion cube', 170, '1', 'Illusion cube'),
('333ni', 'Rubik\'s Cube: No inspection', 300, '1', 'Rubik\'s Cube No inspection'),
('333r3', 'Rubik\'s Cube: 3 in a row', 310, '1', 'Rubik\'s Cube 3 in a row'),
('333sbf', 'Rubik\'s Cube: Speed Blindfolded', 320, '1', 'Rubik\'s Cube Speed blind'),
('3sc', 'Rubik\'s Cube: Scramble Copy', 330, '1', 'Rubik\'s Cube Scramble copy'),
('222oh', '2x2x2 Cube: One-handed', 400, '1', '2x2x2 one-handed'),
('magico', 'Magic: One-handed', 410, '1', 'Magic one-handed'),
('222bf', '2x2x2 Cube: Blindfolded', 420, '1', '2x2x2 blindfolded'),
('sq1bf', 'Square-1 Blindfolded', 430, '1', 'Square-1 Blindfolded'),
('mirbbf', 'Mirror Blocks Blindfolded', 440, '1', 'Mirror Blocks Blindfolded'),
('234', 'Relay 2x2, 3x3, 4x4', 500, '1', 'Relay 2/3/4'),
('magicc', 'Magic Chess', 600, '1', 'Magic Chess'),
('magicb', 'Magic Balls', 610, '1', 'Magic Balls'),
('magccc', 'Magic Create Cube', 620, '1', 'Magic Create Cube');

-- --------------------------------------------------------

--
-- Table structure for table `Formats`
--

CREATE TABLE `Formats` (
  `id` char(1) NOT NULL DEFAULT '',
  `name` varchar(50) NOT NULL DEFAULT ''
) ENGINE=MyISAM DEFAULT CHARSET=utf8mb3 COLLATE=utf8mb3_unicode_ci;

--
-- Dumping data for table `Formats`
--

INSERT INTO `Formats` (`id`, `name`) VALUES
('1', 'Best of 1'),
('2', 'Best of 2'),
('3', 'Best of 3'),
('a', 'Average of 5'),
('m', 'Mean of 3');

-- --------------------------------------------------------

--
-- Table structure for table `Persons`
--

CREATE TABLE `Persons` (
  `id` varchar(10) NOT NULL DEFAULT '',
  `subId` tinyint(6) NOT NULL DEFAULT 1,
  `name` varchar(80) NOT NULL DEFAULT '',
  `countryId` varchar(50) NOT NULL DEFAULT '',
  `gender` char(1) NOT NULL DEFAULT '',
  `year` smallint(6) NOT NULL DEFAULT 0,
  `month` tinyint(4) NOT NULL DEFAULT 0,
  `day` tinyint(4) NOT NULL DEFAULT 0,
  `comments` varchar(40) NOT NULL DEFAULT ''
) ENGINE=MyISAM DEFAULT CHARSET=utf8mb3 COLLATE=utf8mb3_unicode_ci;

--
-- Dumping data for table `Persons`
--

INSERT INTO `Persons` (`id`, `subId`, `name`, `countryId`, `gender`, `year`, `month`, `day`, `comments`) VALUES
('2003BRAN01', 1, 'Kenneth Brandon', 'USA', 'm', 0, 0, 0, ''),
('2003BURT01', 1, 'Bob Burton', 'USA', 'm', 0, 0, 0, ''),
('2003LARS01', 1, 'Anders Larsson', 'Sweden', 'm', 0, 0, 0, ''),
('2003PATT01', 1, 'Richard Patterson', 'USA', 'm', 0, 0, 0, ''),
('2003POCH01', 1, 'Stefan Pochmann', 'Germany', 'm', 0, 0, 0, ''),
('2003WESS01', 1, 'Rune Wesström', 'Sweden', 'm', 0, 0, 0, ''),
('2004BERG01', 1, 'Mattias Berglund', 'Sweden', 'm', 0, 0, 0, ''),
('2004CHAM01', 1, 'Edouard Chambon', 'France', 'm', 0, 0, 0, ''),
('2004EKLU01', 1, 'Ann-Charlotte Eklund', 'Sweden', 'f', 0, 0, 0, ''),
('2004FRED01', 1, 'Gustav Fredell', 'Sweden', 'm', 0, 0, 0, ''),
('2004GALL02', 1, 'Clément Gallet', 'France', 'm', 0, 0, 0, ''),
('2004HERM01', 1, 'Daniel Hermansson', 'Sweden', 'm', 0, 0, 0, ''),
('2004KODR01', 1, 'Stefan Kodrnja', 'Sweden', 'm', 0, 0, 0, ''),
('2004KRIG01', 1, 'Gunnar Krig', 'Sweden', 'm', 0, 0, 0, ''),
('2004KRIG02', 1, 'Kåre Krig', 'Sweden', 'm', 0, 0, 0, ''),
('2004NILS01', 1, 'Dennis Nilsson', 'Sweden', 'm', 0, 0, 0, ''),
('2004ZIJD01', 1, 'Hans van der Zijden', 'Netherlands', 'm', 0, 0, 0, ''),
('2005AKKE01', 1, 'Erik Akkersdijk', 'Netherlands', 'm', 0, 0, 0, ''),
('2005ASPE01', 1, 'Lennart Aspelin', 'Sweden', 'm', 0, 0, 0, ''),
('2005BACK01', 1, 'Peter Backeman', 'Sweden', 'm', 0, 0, 0, ''),
('2005BOEH01', 1, 'Joel Boehm', 'Sweden', 'm', 0, 0, 0, ''),
('2005CIAL02', 1, 'Lukasz Cialon', 'Poland', 'm', 0, 0, 0, ''),
('2005DAYN01', 1, 'Nathaniel Day', 'USA', 'm', 0, 0, 0, ''),
('2005GAIN01', 1, 'Mark Gaines', 'Sweden', 'm', 0, 0, 0, ''),
('2005GREE02', 1, 'Peter Greenwood', 'USA', 'm', 0, 0, 0, ''),
('2005GUST01', 1, 'Kenneth Gustavsson', 'Sweden', 'm', 0, 0, 0, ''),
('2005GUST02', 1, 'Tommy Gustavsson', 'Sweden', 'm', 0, 0, 0, ''),
('2005HILL01', 1, 'Johan Hillerström', 'Sweden', 'm', 0, 0, 0, ''),
('2005KOCZ01', 1, 'István Kocza', 'Hungary', 'm', 0, 0, 0, ''),
('2005KOHN01', 1, 'Thomas Kohn', 'Germany', 'm', 0, 0, 0, ''),
('2005LANG01', 1, 'Linus Langsmo', 'Sweden', 'm', 0, 0, 0, ''),
('2005LUCZ01', 1, 'Grzegorz Luczyna', 'Poland', 'm', 0, 0, 0, ''),
('2005MUNJ01', 1, 'Jonathan Mun', 'USA', 'm', 0, 0, 0, ''),
('2005ORST01', 1, 'Lars Örström', 'Sweden', 'm', 0, 0, 0, ''),
('2005ORST02', 1, 'Linus Örström', 'Sweden', 'm', 0, 0, 0, ''),
('2005PARL01', 1, 'Chris Parlette', 'USA', 'm', 0, 0, 0, ''),
('2005RAND01', 1, 'Hampus Randén', 'Sweden', 'm', 0, 0, 0, ''),
('2005TYLM01', 1, 'Mikael Tylmad', 'Sweden', 'm', 0, 0, 0, ''),
('2005UGEL01', 1, 'Geir Ugelstad', 'Norway', 'm', 0, 0, 0, ''),
('2005ULFE01', 1, 'Christian Ulfendahl', 'Sweden', 'm', 0, 0, 0, ''),
('2005VANH01', 1, 'Anssi Vanhala', 'Finland', 'm', 0, 0, 0, ''),
('2006ASPE01', 1, 'Malin Aspelin', 'Sweden', '', 0, 0, 0, ''),
('2006BITE01', 1, 'Niklas Bitén', 'Sweden', 'm', 0, 0, 0, ''),
('2006BLOM01', 1, 'Tobias Blomberg', 'Sweden', 'm', 0, 0, 0, ''),
('2006BUUS01', 1, 'Henrik Buus Aagaard', 'Denmark', 'm', 0, 0, 0, ''),
('2007KOLL01', 1, 'Mats Kollbrink', 'Sweden', '', 0, 0, 0, ''),
('2006GERH01', 1, 'Marcus Gerhardsson', 'Sweden', 'm', 0, 0, 0, ''),
('2006JACO01', 1, 'Magnus Jacobsson', 'Sweden', 'm', 0, 0, 0, ''),
('2006JOHA01', 1, 'Erik Johansson', 'Sweden', 'm', 0, 0, 0, ''),
('2006JOHA02', 1, 'Örjan Johansson', 'Sweden', 'm', 0, 0, 0, ''),
('2006LECK01', 1, 'Mimmi Leckius', 'Sweden', 'm', 0, 0, 0, ''),
('2006LIND01', 1, 'Jimmy Lindfors', 'Sweden', 'm', 0, 0, 0, ''),
('2006OHMA01', 1, 'Mikael Öhman', 'Sweden', 'm', 0, 0, 0, ''),
('2006WOJT01', 1, 'Adam Wojtyla', 'Poland', 'm', 0, 0, 0, ''),
('2007LAIR01', 1, 'Johannes Laire', 'Finland', 'm', 0, 0, 0, ''),
('2007LAIR02', 1, 'Samuel Laire', 'Finland', 'm', 0, 0, 0, ''),
('2007TIIN01', 1, 'Teemu Tiinanen', 'Finland', 'm', 0, 0, 0, ''),
('2007HOLM01', 1, 'Johan Holmedahl', 'Sweden', '', 0, 0, 0, ''),
('2007RUND01', 1, 'Jonas Rundberg', 'Sweden', '', 0, 0, 0, ''),
('2007CLAE01', 1, 'Magnus Claesson', 'Sweden', '', 0, 0, 0, ''),
('2006MOLL01', 1, 'Albert Mollen', 'Sweden', '', 0, 0, 0, ''),
('2007HELL01', 1, 'Otto von Hellens', 'Finland', 'm', 0, 0, 0, ''),
('2007SUGA01', 1, 'Nobuaki Suga', 'Japan', '', 0, 0, 0, ''),
('2005TAKA01', 1, 'Syoji Takamatsu', 'Japan', '', 0, 0, 0, ''),
('2006OOKU01', 1, 'Takayuki Ookusa', 'Japan', '', 0, 0, 0, ''),
('2006OOKU02', 1, 'Tatsuya Ookubo', 'Japan', '', 0, 0, 0, ''),
('2007DODE01', 1, 'Tomoya Dode', 'Japan', '', 0, 0, 0, ''),
('2006OKAY01', 1, 'Yohei Oka', 'Japan', '', 0, 0, 0, ''),
('2006SUZU01', 1, 'Yohei Suzuki', 'Japan', '', 0, 0, 0, ''),
('2006ARAK02', 1, 'Yu Araki', 'Japan', '', 0, 0, 0, ''),
('2007LOGA01', 1, 'Bryan Logan', 'USA', '', 0, 0, 0, ''),
('2003RUET01', 1, 'Jake Rueth', 'USA', '', 0, 0, 0, ''),
('2007HEVE01', 1, 'Noah Hevey', 'USA', '', 0, 0, 0, ''),
('2007ALIS01', 1, 'Siraj Ali', 'USA', '', 0, 0, 0, ''),
('2007ANDE01', 1, 'Paul Anderson', 'USA', '', 0, 0, 0, ''),
('2003BABC01', 1, 'Peter Babcock', 'USA', '', 0, 0, 0, ''),
('2003BRUC01', 1, 'Ron van Bruchem', 'Netherlands', '', 0, 0, 0, ''),
('2003VAND01', 1, 'Lars Vandenbergh', 'Belgium', '', 0, 0, 0, ''),
('2006GALE01', 1, 'Arnaud van Galen', 'Netherlands', '', 0, 0, 0, ''),
('2006SOUC01', 1, 'Aurélien Souchet', 'France', '', 0, 0, 0, ''),
('2007BERG01', 1, 'David Bergling', 'Sweden', '', 0, 0, 0, ''),
('2007CHRI02', 1, 'Mads Mohr Christensen', 'Denmark', '', 0, 0, 0, ''),
('2007CLAE02', 1, 'Marlene Claesson', 'Sweden', '', 0, 0, 0, ''),
('2007CLAE03', 1, 'Mattias Claesson', 'Sweden', '', 0, 0, 0, ''),
('2007DUSS01', 1, 'Gaël Dusser', 'France', '', 0, 0, 0, ''),
('2007GOUL01', 1, 'Joey Gouly', 'United Kingdom', '', 0, 0, 0, ''),
('2007HOLM02', 1, 'Tommy Holm', 'Sweden', '', 0, 0, 0, ''),
('2007LUND01', 1, 'Daniel Lundwall', 'Sweden', '', 0, 0, 0, ''),
('2007LUTH01', 1, 'Mats Luthman', 'Sweden', '', 0, 0, 0, ''),
('2007MOLI01', 1, 'Annica Molin', 'Sweden', '', 0, 0, 0, ''),
('2007PERG01', 1, 'Olivér Perge', 'Hungary', '', 0, 0, 0, ''),
('2007PYSS01', 1, 'Okko Pyssysalo', 'Finland', '', 0, 0, 0, ''),
('2007VALK01', 1, 'Mats Valk', 'Netherlands', '', 0, 0, 0, ''),
('2008COUR01', 1, 'François Courtès', 'France', '', 0, 0, 0, ''),
('2008DELV01', 1, 'Simon Delvert', 'Sweden', '', 0, 0, 0, ''),
('2008KJOR01', 1, 'Adam Kjörk', 'Sweden', '', 0, 0, 0, ''),
('2008RUND01', 1, 'Johannes Rundberg', 'Sweden', '', 0, 0, 0, ''),
('2008SKAR01', 1, 'Arvid Skarrie', 'Sweden', '', 0, 0, 0, ''),
('2008SORM01', 1, 'Simon Sörman', 'Sweden', '', 0, 0, 0, ''),
('2008WEST02', 1, 'Simon Westlund', 'Sweden', '', 0, 0, 0, ''),
('2008ROUR01', 1, 'Nicolas Roure', 'France', '', 0, 0, 0, ''),
('2008WING03', 1, 'Gustaf Wingren', 'Sweden', '', 0, 0, 0, ''),
('2008ERDA01', 1, 'Jonatan Erdal', 'Sweden', '', 0, 0, 0, ''),
('2008BERG03', 1, 'Malin Bergvall', 'Sweden', '', 0, 0, 0, ''),
('2008STAH01', 1, 'Karl Ståhl', 'Sweden', '', 0, 0, 0, ''),
('2007COOP01', 1, 'Charlie Cooper', 'United Kingdom', '', 0, 0, 0, ''),
('2007LEMO01', 1, 'Laetitia Lemoine', 'France', '', 0, 0, 0, ''),
('2008JUKK01', 1, 'Konsta Jukka', 'Finland', '', 0, 0, 0, ''),
('2008POHJ01', 1, 'Joona Pohja', 'Finland', '', 0, 0, 0, ''),
('2008PYSS01', 1, 'Hilma Pyssysalo', 'Finland', '', 0, 0, 0, ''),
('2005BATI01', 1, 'Milán Baticz', 'Hungary', '', 0, 0, 0, ''),
('2007BERN01', 1, 'Balázs Bernát', 'Hungary', '', 0, 0, 0, ''),
('2008BARA01', 1, 'Bence Barát', 'Hungary', '', 0, 0, 0, ''),
('2008HEJJ01', 1, 'Norbert Héjja', 'Hungary', '', 0, 0, 0, ''),
('2007ORTR01', 1, 'Raffael Ort', 'Germany', '', 0, 0, 0, ''),
('2007KRIS01', 1, 'Tomas Kristiansson', 'Sweden', 'm', 0, 0, 0, ''),
('2008LUND04', 1, 'Mattias Lundberg', 'Sweden', 'm', 0, 0, 0, ''),
('2008NORD01', 1, 'Tommy Nordlander', 'Sweden', 'm', 0, 0, 0, ''),
('2008RUND02', 1, 'Oscar Rundberg', 'Sweden', 'm', 0, 0, 0, ''),
('2008SEPP01', 1, 'Ville Seppänen', 'Finland', 'm', 0, 0, 0, ''),
('2009SERT01', 1, 'Kadir Sertcanli', 'Sweden', 'm', 0, 0, 0, ''),
('2005KOSE01', 1, 'Fumiki Koseki', 'Japan', '', 0, 0, 0, ''),
('2007DAID01', 1, 'Masahiro Daidai', 'Japan', '', 0, 0, 0, ''),
('2007DESM01', 1, 'Marlène Desmaisons', 'France', '', 0, 0, 0, ''),
('2007DJIA01', 1, 'Samuel Djian', 'France', '', 0, 0, 0, ''),
('2007PLAN01', 1, 'Alexis Plantin', 'France', '', 0, 0, 0, ''),
('2008GYAN01', 1, 'Jason Gyani', 'United Kingdom', '', 0, 0, 0, ''),
('2008HANK01', 1, 'Kanneti Sae Han', 'Thailand', '', 0, 0, 0, ''),
('2008HASH02', 1, 'Wataru Hashimura', 'Japan', '', 0, 0, 0, ''),
('2008LAUR01', 1, 'Mario Laurent', 'France', '', 0, 0, 0, ''),
('2008LEME01', 1, 'Pierre Lemerle', 'France', '', 0, 0, 0, ''),
('2008MATS02', 1, 'Daiki Matsumoto', 'Japan', '', 0, 0, 0, ''),
('2008OMYO01', 1, 'Sanae Koseki', 'Japan', '', 0, 0, 0, ''),
('2008RAYN01', 1, 'Pierre Raynal', 'France', '', 0, 0, 0, ''),
('2006ARAK01', 1, 'Sinpei Araki', 'Japan', 'm', 0, 0, 0, ''),
('2007PERD01', 1, 'Antoine Perdereau', 'France', '', 0, 0, 0, ''),
('2008BLOH02', 1, 'Robin Blöhm', 'Germany', '', 0, 0, 0, ''),
('2008MOSS01', 1, 'Jonatan Mossegård', 'Sweden', '', 0, 0, 0, ''),
('2009AXEL02', 1, 'Tore Axelsson', 'Sweden', '', 0, 0, 0, ''),
('2009BRUD01', 1, 'Per Brudsten', 'Sweden', '', 0, 0, 0, ''),
('2009RUFF02', 1, 'Lucie Ruffie', 'France', '', 0, 0, 0, ''),
('2009RUFF01', 1, 'Arthur Ruffie', 'France', '', 0, 0, 0, ''),
('2009PETI01', 1, 'Loïc Petit', 'France', '', 0, 0, 0, ''),
('2009KOUR01', 1, 'Mickaël Kourganoff', 'France', '', 0, 0, 0, ''),
('2009DEBL01', 1, 'Adrien Debly', 'France', '', 0, 0, 0, ''),
('2008VIRO01', 1, 'Philippe Virouleau', 'France', '', 0, 0, 0, ''),
('2008HANK01', 2, 'Kanneti Sae Han', 'France', 'm', 0, 0, 0, ''),
('2007POLS01', 1, 'Olivier Polspoel', 'Belgium', '', 0, 0, 0, ''),
('2008POTR01', 1, 'Guillain Potron', 'France', '', 0, 0, 0, ''),
('2006NORS01', 1, 'Bruce Norskog', 'USA', '', 0, 0, 0, ''),
('2007HASH01', 1, 'Takao Hashimoto', 'Japan', '', 0, 0, 0, ''),
('2008CHRI01', 1, 'Leo Christopoulos', 'USA', '', 0, 0, 0, ''),
('2008JOHN02', 1, 'Eric Johnson', 'USA', '', 0, 0, 0, ''),
('2005ANGO01', 1, 'Carlos Angosto Hernández', 'Spain', '', 0, 0, 0, ''),
('2005PARI01', 1, 'Javier París', 'Spain', '', 0, 0, 0, ''),
('2005TOLE01', 1, 'Alexandre Toledo Guillén', 'Spain', '', 0, 0, 0, ''),
('2007KIUC01', 1, 'Yuuji Kiuchi', 'Japan', '', 0, 0, 0, ''),
('2008SAJI01', 1, 'Yu Sajima', 'Japan', '', 0, 0, 0, ''),
('2008SUGI01', 1, 'Taki Sugimoto', 'Japan', '', 0, 0, 0, ''),
('2008TOMI01', 1, 'Takahiro Tomisawa', 'Japan', '', 0, 0, 0, ''),
('2008LIDS01', 1, 'Stefan Lidström', 'Sweden', '', 0, 0, 0, ''),
('2009ANDE02', 1, 'Oliver Andersson', 'Sweden', '', 0, 0, 0, ''),
('2009ANDE03', 1, 'Jonas Andersson 2', 'Sweden', '', 0, 0, 0, ''),
('2009BERG01', 1, 'Erik Bergman', 'Sweden', '', 0, 0, 0, ''),
('2009BLOM01', 1, 'Oskar Johansson Blom', 'Sweden', '', 0, 0, 0, ''),
('2009HAMZ01', 1, 'Almira Hamzic', 'Sweden', '', 0, 0, 0, ''),
('2009JUHL01', 1, 'Joakim Juhlin', 'Sweden', '', 0, 0, 0, ''),
('2009KARL02', 1, 'Max Karlsson', 'Sweden', '', 0, 0, 0, ''),
('2009MORI01', 1, 'Max Morin', 'Sweden', '', 0, 0, 0, ''),
('2009OLOF01', 1, 'Hans Olofsson', 'Sweden', '', 0, 0, 0, ''),
('2006AUST01', 1, 'Greg Austin', 'United Kingdom', '', 0, 0, 0, ''),
('2007NESS01', 1, 'Christopher Ness', 'United Kingdom', '', 0, 0, 0, ''),
('2008ERSK01', 1, 'Michael Erskine', 'United Kingdom', '', 0, 0, 0, ''),
('2008MCKE01', 1, 'Richard McKearney', 'United Kingdom', '', 0, 0, 0, ''),
('2008WILL03', 1, 'Adam Wills', 'United Kingdom', '', 0, 0, 0, ''),
('2008WRIG02', 1, 'Jude Wright', 'United Kingdom', '', 0, 0, 0, ''),
('2009HARP01', 1, 'Peter Harpham', 'United Kingdom', '', 0, 0, 0, ''),
('2009KENT01', 1, 'Tan Wei Ken', 'Malaysia', '', 0, 0, 0, ''),
('2009LUDL01', 1, 'Brett Ludlow', 'United Kingdom', '', 0, 0, 0, ''),
('2009LUDL02', 1, 'James Dean Ludlow', 'United Kingdom', '', 0, 0, 0, ''),
('2009POWE04', 1, 'Thom Power', 'United Kingdom', '', 0, 0, 0, ''),
('2009WHIT01', 1, 'Ben Whitmore', 'United Kingdom', '', 0, 0, 0, ''),
('2009YAUR01', 1, 'Robert Yau', 'United Kingdom', '', 0, 0, 0, ''),
('2003AKIM01', 1, 'Masayuki Akimoto', 'Japan', '', 0, 0, 0, ''),
('2004NAGY01', 1, 'Olivér Nagy', 'Hungary', '', 0, 0, 0, ''),
('2006MATH01', 1, 'Jean-Louis Mathieu', 'France', '', 0, 0, 0, ''),
('2006NISH01', 1, 'Kentaro Nishi', 'Japan', '', 0, 0, 0, ''),
('2006ORKE01', 1, 'Róbert Örkényi', 'Hungary', '', 0, 0, 0, ''),
('2006PIRZ01', 1, 'Markus Pirzer', 'Germany', '', 0, 0, 0, ''),
('2007CICH01', 1, 'Lukasz Cichecki', 'Poland', '', 0, 0, 0, ''),
('2007COHE01', 1, 'Dan Cohen', 'USA', '', 0, 0, 0, ''),
('2007PROV01', 1, 'Frank Provoost', 'Netherlands', '', 0, 0, 0, ''),
('2008BERE01', 1, 'Brúnó Bereczki', 'Hungary', '', 0, 0, 0, ''),
('2008MIHA01', 1, 'Zalán Mihály', 'Hungary', '', 0, 0, 0, ''),
('2008MORE02', 1, 'Hippolyte Moreau', 'France', '', 0, 0, 0, ''),
('2008PADL01', 1, 'Piotr Michal Padlewski', 'Poland', '', 0, 0, 0, ''),
('2008PROV01', 1, 'Anja Provoost', 'Netherlands', '', 0, 0, 0, ''),
('2008SIMO02', 1, 'Nicolò Simone', 'Italy', '', 0, 0, 0, ''),
('2008ZIMM01', 1, 'Monika Zimmermann', 'Germany', '', 0, 0, 0, ''),
('2009BRIL01', 1, 'Franz Jedo Penullar Brillo', 'Philippines', '', 0, 0, 0, ''),
('2009BRUN01', 1, 'Benjamin Brundzats', 'Germany', '', 0, 0, 0, ''),
('2009BRUS01', 1, 'Berit Brüster', 'Germany', '', 0, 0, 0, ''),
('2009BUIT01', 1, 'Karsten Buitkamp', 'Germany', '', 0, 0, 0, ''),
('2009JACK01', 1, 'Sebastian Jack', 'Germany', '', 0, 0, 0, ''),
('2009PAES01', 1, 'Caroline Paeßens', 'Germany', '', 0, 0, 0, ''),
('2009SANT01', 1, 'Simone Santarsiero', 'Italy', '', 0, 0, 0, ''),
('2009SILV01', 1, 'Martin Silvestri', 'Switzerland', '', 0, 0, 0, ''),
('2009MUKD01', 1, 'Pitsanu Mukdaprakorn', 'Thailand', '', 0, 0, 0, ''),
('2009BOSI01', 1, 'Alberto Bosia', 'Italy', '', 0, 0, 0, ''),
('2009ROTA01', 1, 'Marco Rota', 'Italy', '', 0, 0, 0, ''),
('2009ZAND01', 1, 'Timothy Zandelin', 'Sweden', '', 0, 0, 0, ''),
('2009FRAN01', 1, 'Daniel Franzen', 'Germany', '', 0, 0, 0, ''),
('2010HARS01', 1, 'Felix Harst', 'Germany', '', 0, 0, 0, ''),
('2010DAOV01', 1, 'Huy Dao', 'Germany', '', 0, 0, 0, ''),
('2008DIX001', 1, 'Emily Dixon', 'United Kingdom', '', 0, 0, 0, ''),
('2009SMIT05', 1, 'Martin Smith', 'United Kingdom', '', 0, 0, 0, ''),
('2009BIRD01', 1, 'Chris Bird', 'USA', '', 0, 0, 0, ''),
('2009LEST01', 1, 'Aaron Lester', 'USA', '', 0, 0, 0, ''),
('2006ADAM01', 1, 'Arthur Adams', 'USA', '', 0, 0, 0, ''),
('2006CORR01', 1, 'Devin Corr-Robinett', 'USA', '', 0, 0, 0, ''),
('2008ANDE02', 1, 'Oscar Roth Andersen', 'Denmark', '', 0, 0, 0, ''),
('2010THOM01', 1, 'Mads Thomassen', 'Denmark', '', 0, 0, 0, ''),
('2009SEVE01', 1, 'Frank Severinsen', 'Denmark', '', 0, 0, 0, ''),
('2010DYBD01', 1, 'Andreas Dybdahl', 'Denmark', '', 0, 0, 0, ''),
('2010BECK01', 1, 'Karina Grandjean Beck', 'Denmark', '', 0, 0, 0, ''),
('2010UNDE01', 1, 'Mads Larsen Underbjerg', 'Denmark', '', 0, 0, 0, ''),
('2006BUUS02', 1, 'Kirstine Buus Aagaard', 'Denmark', '', 0, 0, 0, ''),
('2009JENS03', 1, 'Lennart Jensen', 'Denmark', '', 0, 0, 0, ''),
('2009KRIS02', 1, 'Martin Kristensen', 'Denmark', '', 0, 0, 0, ''),
('2008BORU01', 1, 'Holger Stadel Borum', 'Denmark', '', 0, 0, 0, ''),
('2010SHAP01', 1, 'Jonathan Midjord Shapira', 'Denmark', '', 0, 0, 0, ''),
('2010JOHA02', 1, 'Sebastian Johansen', 'Denmark', '', 0, 0, 0, ''),
('2010KAMP02', 1, 'Phillip Kampmann', 'Denmark', '', 0, 0, 0, ''),
('2010LARS03', 1, 'Christoffer Larsen', 'Denmark', '', 0, 0, 0, ''),
('2010SVEN01', 1, 'Kenneth Svendson', 'Denmark', '', 0, 0, 0, ''),
('2004FONN01', 1, 'Eivind Fonn', 'Norway', '', 0, 0, 0, ''),
('2005SIMO01', 1, 'Antoine Simon-Chautemps', 'France', '', 0, 0, 0, ''),
('2006HALC01', 1, 'Michal Halczuk', 'Poland', '', 0, 0, 0, ''),
('2007HUGH01', 1, 'Mike Hughey', 'USA', '', 0, 0, 0, ''),
('2008AURO01', 1, 'Sébastien Auroux', 'Germany', '', 0, 0, 0, ''),
('2008CABA03', 1, 'Jakub Cabaj', 'Poland', '', 0, 0, 0, ''),
('2010ARBO01', 1, 'Morten Arborg', 'Finland', '', 0, 0, 0, ''),
('2008LIUE01', 1, 'Edward Liu', 'USA', '', 0, 0, 0, ''),
('2008MART07', 1, 'Minerva Martiskainen', 'Finland', '', 0, 0, 0, ''),
('2008PENT01', 1, 'Carson Penticuff', 'USA', '', 0, 0, 0, ''),
('2008XIAN01', 1, 'Neil Xia', 'USA', '', 0, 0, 0, ''),
('2008YOUN02', 1, 'Michael Young', 'USA', '', 0, 0, 0, ''),
('2009BAKA01', 1, 'Jascha Bakarinow', 'Germany', '', 0, 0, 0, ''),
('2009BALT02', 1, 'Leandro Baltazar', 'Portugal', '', 0, 0, 0, ''),
('2009CHRI03', 1, 'Nora Christ', 'Germany', '', 0, 0, 0, ''),
('2009DEUN01', 1, 'Robin Deun', 'Netherlands', '', 0, 0, 0, ''),
('2009DICK01', 1, 'Jan Dickmann', 'Germany', '', 0, 0, 0, ''),
('2009KONI03', 1, 'Felix König', 'Germany', '', 0, 0, 0, ''),
('2009KORB02', 1, 'Lasse Korbanka', 'Germany', '', 0, 0, 0, ''),
('2009LEVY01', 1, 'Joel Levy', 'USA', '', 0, 0, 0, ''),
('2009LOOS01', 1, 'Dennis Loose', 'Germany', '', 0, 0, 0, ''),
('2009OHRN01', 1, 'Laura Ohrndorf', 'Germany', '', 0, 0, 0, ''),
('2009RIZE01', 1, 'Denny Rizer', 'USA', '', 0, 0, 0, ''),
('2009SPIE01', 1, 'Niklas Spies', 'Germany', '', 0, 0, 0, ''),
('2009SPRI01', 1, 'Alexander Springhorn', 'Germany', '', 0, 0, 0, ''),
('2010HEPP01', 1, 'Christian Hepp', 'Germany', '', 0, 0, 0, ''),
('2010HUFN01', 1, 'Tassilo Hufnagel', 'Germany', '', 0, 0, 0, ''),
('2010KELM01', 1, 'Justin Kelm', 'USA', '', 0, 0, 0, ''),
('2010PARK01', 1, 'Aric Parkinson', 'USA', '', 0, 0, 0, ''),
('2010PASS01', 1, 'Marcel Passon', 'Germany', '', 0, 0, 0, ''),
('2010RONK01', 1, 'Niko Ronkainen', 'Finland', '', 0, 0, 0, ''),
('2010TRUO01', 1, 'Jannik Truong', 'Germany', '', 0, 0, 0, ''),
('2010WUNS01', 1, 'Niklas Wünsche', 'Germany', '', 0, 0, 0, ''),
('2009AURO01', 1, 'Fabian Auroux', 'Germany', '', 0, 0, 0, ''),
('2009BLUM01', 1, 'Johannes Blum', 'Germany', '', 0, 0, 0, ''),
('2009HERR01', 1, 'Jan Herrmann', 'Germany', '', 0, 0, 0, ''),
('2009HERZ01', 1, 'Florian Herzog', 'Austria', '', 0, 0, 0, ''),
('2009ROHR01', 1, 'Michael Röhrer', 'Austria', '', 0, 0, 0, ''),
('2009SIMO01', 1, 'Thomas Simonis', 'Germany', '', 0, 0, 0, ''),
('2010ASEN01', 1, 'Matthias Aßenmacher', 'Germany', '', 0, 0, 0, ''),
('2010DEIM01', 1, 'Maximilian Deimel', 'Germany', '', 0, 0, 0, ''),
('2010DEIM02', 1, 'Sebastian Deimel', 'Germany', '', 0, 0, 0, ''),
('2010ENGL03', 1, 'Adrian Englhardt', 'Germany', '', 0, 0, 0, ''),
('2010GABR01', 1, 'Kai Gabriel', 'Germany', '', 0, 0, 0, ''),
('2010HAFN01', 1, 'Sebastian Häfner', 'Germany', '', 0, 0, 0, ''),
('2010HOMM01', 1, 'Jascha Hommel', 'Germany', '', 0, 0, 0, ''),
('2010MILL01', 1, 'Thomas Millen', 'Austria', '', 0, 0, 0, ''),
('2010OLSC01', 1, 'Max Olschok', 'Germany', '', 0, 0, 0, ''),
('2010PATZ01', 1, 'Moritz Patzelt', 'Germany', '', 0, 0, 0, ''),
('2010SCHM01', 1, 'Leon Schmidtchen', 'Germany', '', 0, 0, 0, ''),
('2010STAU01', 1, 'Wolfgang Stauber', 'Germany', '', 0, 0, 0, ''),
('2010WIMM01', 1, 'Johannes Wimmer', 'Germany', '', 0, 0, 0, ''),
('2010WING01', 1, 'Torsten Wingen', 'Germany', '', 0, 0, 0, '');

-- --------------------------------------------------------

--
-- Table structure for table `Results`
--

CREATE TABLE `Results` (
  `id` int(11) NOT NULL,
  `pos` smallint(6) NOT NULL DEFAULT 0,
  `personId` varchar(10) NOT NULL DEFAULT '',
  `personName` varchar(80) NOT NULL DEFAULT '',
  `countryId` varchar(50) DEFAULT NULL,
  `competitionId` varchar(32) NOT NULL DEFAULT '',
  `eventId` varchar(6) NOT NULL DEFAULT '',
  `roundId` char(1) NOT NULL DEFAULT '',
  `formatId` char(1) NOT NULL DEFAULT '',
  `value1` int(11) NOT NULL DEFAULT 0,
  `value2` int(11) NOT NULL DEFAULT 0,
  `value3` int(11) NOT NULL DEFAULT 0,
  `value4` int(11) NOT NULL DEFAULT 0,
  `value5` int(11) NOT NULL DEFAULT 0,
  `best` int(11) NOT NULL DEFAULT 0,
  `average` int(11) NOT NULL DEFAULT 0,
  `regionalSingleRecord` varchar(3) DEFAULT NULL,
  `regionalAverageRecord` varchar(3) DEFAULT NULL
) ENGINE=MyISAM DEFAULT CHARSET=utf8mb3 COLLATE=utf8mb3_unicode_ci PACK_KEYS=0;

--
-- Dumping data for table `Results`
--

INSERT INTO `Results` (`id`, `pos`, `personId`, `personName`, `countryId`, `competitionId`, `eventId`, `roundId`, `formatId`, `value1`, `value2`, `value3`, `value4`, `value5`, `best`, `average`, `regionalSingleRecord`, `regionalAverageRecord`) VALUES
(157, 1, '2003BRAN01', 'Kenneth Brandon', 'USA', 'WC2003', '333si', 'f', '1', 7096, 0, 0, 0, 0, 7096, 0, 'WR', ''),
(1741, 1, '2004KRIG01', 'Gunnar Krig', 'Sweden', 'SwedishOpen2006', '333si', 'f', 'm', 5863, 6454, 4843, 0, 0, 4843, 5720, 'WR', 'WR'),
(1742, 2, '2005ASPE01', 'Lennart Aspelin', 'Sweden', 'SwedishOpen2006', '333si', 'f', 'm', 11171, 9753, 9327, 0, 0, 9327, 10084, '', ''),
(1743, 3, '2005GUST01', 'Kenneth Gustavsson', 'Sweden', 'SwedishOpen2006', '333si', 'f', 'm', 10265, 11086, 11759, 0, 0, 10265, 11037, '', ''),
(8891, 1, '2004KRIG01', 'Gunnar Krig', 'Sweden', 'SwedishCubeDay2006', '333si', 'f', 'm', 5791, 4601, 4388, 0, 0, 4388, 4927, 'WR', 'WR'),
(8892, 2, '2005GUST01', 'Kenneth Gustavsson', 'Sweden', 'SwedishCubeDay2006', '333si', 'f', 'm', 8311, 12399, 14224, 0, 0, 8311, 11645, '', ''),
(8894, 1, '2004KRIG01', 'Gunnar Krig', 'Sweden', 'SwedishCubeDay2006', 'snake', 'f', 'a', 1017, 3211, 1060, 824, 949, 824, 1009, 'WR', 'WR'),
(8895, 2, '2005KOCZ01', 'István Kocza', 'Hungary', 'SwedishCubeDay2006', 'snake', 'f', 'a', 1477, 1604, 1769, 1442, 1446, 1442, 1509, 'NR', 'NR'),
(8896, 3, '2005GUST01', 'Kenneth Gustavsson', 'Sweden', 'SwedishCubeDay2006', 'snake', 'f', 'a', 1728, 2963, -1, 2429, 2825, 1728, 2739, '', ''),
(8897, 4, '2005GUST02', 'Tommy Gustavsson', 'Sweden', 'SwedishCubeDay2006', 'snake', 'f', 'a', 5908, 2044, 1979, 3335, 3465, 1979, 2948, '', ''),
(7248, 1, '2005PARL01', 'Chris Parlette', 'USA', 'HoraceMann2005', 'rainb', 'f', 'm', 1926, 1020, 1350, 0, 0, 1020, 1432, 'WR', 'WR'),
(7249, 2, '2003PATT01', 'Richard Patterson', 'USA', 'HoraceMann2005', 'rainb', 'f', 'm', 3699, 3869, 3869, 0, 0, 3699, 3812, '', ''),
(7250, 3, '2005DAYN01', 'Nathaniel Day', 'USA', 'HoraceMann2005', 'rainb', 'f', 'm', 6260, 4256, 4039, 0, 0, 4039, 4852, '', ''),
(7251, 4, '2005GREE02', 'Peter Greenwood', 'USA', 'HoraceMann2005', 'rainb', 'f', 'm', 7285, 4573, 6260, 0, 0, 4573, 6039, '', ''),
(9050, 1, '2007LAIR01', 'Johannes Laire', 'Finland', 'HelsinkiOpen2007', 'snake', 'f', 'a', 318, 465, 350, 266, 284, 266, 317, 'WR', 'WR'),
(9052, 2, '2007LAIR02', 'Samuel Laire', 'Finland', 'HelsinkiOpen2007', 'snake', 'f', 'a', 659, 564, 486, 687, 842, 486, 637, '', ''),
(9053, 3, '2007TIIN01', 'Teemu Tiinanen', 'Finland', 'HelsinkiOpen2007', 'snake', 'f', 'a', 666, 705, 574, 786, 1651, 574, 719, '', ''),
(9054, 4, '2005GUST02', 'Tommy Gustavsson', 'Sweden', 'HelsinkiOpen2007', 'snake', 'f', 'a', 1483, 1428, 1303, 2852, 1931, 1303, 1614, '', ''),
(9055, 5, '2005GUST01', 'Kenneth Gustavsson', 'Sweden', 'HelsinkiOpen2007', 'snake', 'f', 'a', -1, -1, 1585, 1628, 1913, 1585, -1, '', ''),
(1408, 1, '2004GALL02', 'Clément Gallet', 'France', 'DutchOpen2006', '333sbf', 'f', '1', -1, 0, 0, 0, 0, -1, 0, '', ''),
(1409, 1, '2004ZIJD01', 'Hans van der Zijden', 'Netherlands', 'DutchOpen2006', '333sbf', 'f', '1', -1, 0, 0, 0, 0, -1, 0, '', ''),
(1744, 1, '2005UGEL01', 'Geir Ugelstad', 'Norway', 'SwedishOpen2006', '333sbf', 'f', '2', -1, 2418, 0, 0, 0, 2418, 0, 'NR', ''),
(2249, 1, '2004GALL02', 'Clément Gallet', 'France', 'Euro2006', '333sbf', 'f', '1', 2306, 0, 0, 0, 0, 2306, 0, 'WR', ''),
(2250, 2, '2005UGEL01', 'Geir Ugelstad', 'Norway', 'Euro2006', '333sbf', 'f', '1', 2869, 0, 0, 0, 0, 2869, 0, 'NR', ''),
(2251, 3, '2003POCH01', 'Stefan Pochmann', 'Germany', 'Euro2006', '333sbf', 'f', '1', -1, 0, 0, 0, 0, -1, 0, '', ''),
(2464, 1, '2005CIAL02', 'Lukasz Cialon', 'Poland', 'PolishOpen2006', '333sbf', 'f', '1', -1, 0, 0, 0, 0, -1, 0, '', ''),
(2465, 1, '2005UGEL01', 'Geir Ugelstad', 'Norway', 'PolishOpen2006', '333sbf', 'f', '1', -1, 0, 0, 0, 0, -1, 0, '', ''),
(2466, 1, '2005LUCZ01', 'Grzegorz Luczyna', 'Poland', 'PolishOpen2006', '333sbf', 'f', '1', -1, 0, 0, 0, 0, -1, 0, '', ''),
(2467, 1, '2006WOJT01', 'Adam Wojtyla', 'Poland', 'PolishOpen2006', '333sbf', 'f', '1', -1, 0, 0, 0, 0, -1, 0, '', ''),
(3429, 1, '2005UGEL01', 'Geir Ugelstad', 'Norway', 'CzechOpen2006', '333sbf', 'f', '1', -1, 0, 0, 0, 0, -1, 0, '', ''),
(6153, 1, '2005UGEL01', 'Geir Ugelstad', 'Norway', 'WC2005', '333sbf', 'f', '1', 3136, 0, 0, 0, 0, 3136, 0, 'WR', ''),
(6809, 1, '2005UGEL01', 'Geir Ugelstad', 'Norway', 'SwedishOpen2005', '333sbf', 'f', '2', -1, -1, 0, 0, 0, -1, 0, '', ''),
(7118, 1, '2005UGEL01', 'Geir Ugelstad', 'Norway', 'ChalmersOpen2005', '333sbf', 'f', '2', 5340, -1, 0, 0, 0, 5340, 0, 'WR', ''),
(8893, 1, '2005UGEL01', 'Geir Ugelstad', 'Norway', 'SwedishCubeDay2006', '333sbf', 'f', '2', 2699, 2786, 0, 0, 0, 2699, 0, '', ''),
(9051, 1, '2005UGEL01', 'Geir Ugelstad', 'Norway', 'DutchOpen2005', '333sbf', 'f', '1', 3931, 0, 0, 0, 0, 3931, 0, 'WR', ''),
(9623, 1, '2005UGEL01', 'Geir Ugelstad', 'Norway', 'HelsinkiOpen2007', '333sbf', 'f', '2', -1, 2789, 0, 0, 0, 2789, 0, '', ''),
(9624, 1, '2007LAIR01', 'Johannes Laire', 'Finland', 'FinnishOpen2007', 'snake', 'f', 'a', 476, 469, 336, 781, 295, 295, 427, '', ''),
(9625, 2, '2005GUST01', 'Kenneth Gustavsson', 'Sweden', 'FinnishOpen2007', 'snake', 'f', 'a', 634, 655, 690, 681, 554, 554, 657, 'NR', 'NR'),
(9626, 1, '2005VANH01', 'Anssi Vanhala', 'Finland', 'Svekub2006', '333r3', 'f', '2', 5342, 5362, 0, 0, 0, 5342, 0, 'WR', ''),
(9627, 2, '2004KRIG01', 'Gunnar Krig', 'Sweden', 'Svekub2006', '333r3', 'f', '2', 9375, 6062, 0, 0, 0, 6062, 0, 'NR', ''),
(9628, 3, '2004KRIG02', 'Kåre Krig', 'Sweden', 'Svekub2006', '333r3', 'f', '2', 8414, 9538, 0, 0, 0, 8414, 0, '', ''),
(9629, 4, '2006GERH01', 'Marcus Gerhardsson', 'Sweden', 'Svekub2006', '333r3', 'f', '2', 8838, 9692, 0, 0, 0, 8838, 0, '', ''),
(9630, 5, '2005KOHN01', 'Thomas Kohn', 'Germany', 'Svekub2006', '333r3', 'f', '2', 10042, 10146, 0, 0, 0, 10042, 0, 'NR', ''),
(9631, 6, '2005GUST01', 'Kenneth Gustavsson', 'Sweden', 'Svekub2006', '333r3', 'f', '2', 14783, 16259, 0, 0, 0, 14783, 0, '', ''),
(9632, 7, '2005GUST02', 'Tommy Gustavsson', 'Sweden', 'Svekub2006', '333r3', 'f', '2', 15274, 14965, 0, 0, 0, 14965, 0, '', ''),
(9633, 8, '2006JOHA01', 'Erik Johansson', 'Sweden', 'Svekub2006', '333r3', 'f', '2', 19227, 15816, 0, 0, 0, 15816, 0, '', ''),
(9634, 1, '2004KRIG01', 'Gunnar Krig', 'Sweden', 'Svekub2006', '222oh', 'f', 'a', 1378, 1192, 1419, 2013, 1243, 1192, 1347, 'WR', 'WR'),
(9635, 2, '2005GUST01', 'Kenneth Gustavsson', 'Sweden', 'Svekub2006', '222oh', 'f', 'a', 1653, 1759, 2451, 1868, 2480, 1653, 2026, '', ''),
(9636, 3, '2004KRIG02', 'Kåre Krig', 'Sweden', 'Svekub2006', '222oh', 'f', 'a', 4213, 4390, 2540, 3719, 3285, 2540, 3739, '', ''),
(9637, 4, '2006GERH01', 'Marcus Gerhardsson', 'Sweden', 'Svekub2006', '222oh', 'f', 'a', 5997, 4359, 6810, 4100, 3749, 3749, 4819, '', ''),
(9638, 1, '2005VANH01', 'Anssi Vanhala', 'Finland', 'Svekub2006', '333ni', 'f', 'a', 1661, 1606, 1594, 1690, 1604, 1594, 1624, 'WR', 'WR'),
(9639, 2, '2004KRIG01', 'Gunnar Krig', 'Sweden', 'Svekub2006', '333ni', 'f', 'a', 2199, 2070, 2207, 1827, 2029, 1827, 2099, 'NR', 'NR'),
(9640, 3, '2006GERH01', 'Marcus Gerhardsson', 'Sweden', 'Svekub2006', '333ni', 'f', 'a', 2884, 2418, 2584, 2689, 3036, 2418, 2719, '', ''),
(9641, 4, '2005KOHN01', 'Thomas Kohn', 'Germany', 'Svekub2006', '333ni', 'f', 'a', 3324, 2860, 3490, 3662, 3537, 2860, 3450, 'NR', 'NR'),
(9642, 5, '2005GUST02', 'Tommy Gustavsson', 'Sweden', 'Svekub2006', '333ni', 'f', 'a', 4151, 4584, 4868, 4618, 5253, 4151, 4690, '', ''),
(9643, 6, '2006JOHA01', 'Erik Johansson', 'Sweden', 'Svekub2006', '333ni', 'f', 'a', 4147, 4134, 5883, 5035, 5299, 4134, 4827, '', ''),
(9644, 7, '2005GUST01', 'Kenneth Gustavsson', 'Sweden', 'Svekub2006', '333ni', 'f', 'a', 5240, -1, 5640, 6134, 5259, 5240, 5678, '', ''),
(9645, 8, '2006MOLL01', 'Albert Mollen', 'Sweden', 'Svekub2006', '333ni', 'f', 'a', 8728, 7889, 9660, 9350, 6093, 6093, 8656, '', ''),
(9646, 1, '2004KRIG01', 'Gunnar Krig', 'Sweden', 'Svekub2005', '333ni', 'f', 'a', 2363, 2495, 2616, 2926, 2559, 2363, 2557, 'WR', 'WR'),
(9647, 2, '2004BERG01', 'Mattias Berglund', 'Sweden', 'Svekub2005', '333ni', 'f', 'a', 2498, 2924, 4195, 3220, 2823, 2498, 2989, '', ''),
(9648, 3, '2004KRIG02', 'Kåre Krig', 'Sweden', 'Svekub2005', '333ni', 'f', 'a', 2785, 2521, 4193, 3421, 3353, 2521, 3186, '', ''),
(9649, 4, '2004HERM01', 'Daniel Hermansson', 'Sweden', 'Svekub2005', '333ni', 'f', 'a', 3252, 3606, 3290, 3471, 3153, 3153, 3338, '', ''),
(9650, 5, '2004FRED01', 'Gustav Fredell', 'Sweden', 'Svekub2005', '333ni', 'f', 'a', 3146, 3453, 3038, 3814, 5163, 3038, 3471, '', ''),
(9652, 1, '2004KRIG01', 'Gunnar Krig', 'Sweden', 'SwedishOpen2006', '333ni', 'f', 'a', 2239, 2045, 2152, 3440, 1753, 1753, 2145, 'NR', ''),
(9653, 2, '2006GERH01', 'Marcus Gerhardsson', 'Sweden', 'SwedishOpen2006', '333ni', 'f', 'a', 2237, 2229, 2489, 2117, 2601, 2117, 2318, '', ''),
(9654, 3, '2006LIND01', 'Jimmy Lindfors', 'Sweden', 'SwedishOpen2006', '333ni', 'f', 'a', 2268, 2399, 3857, 2331, 2386, 2268, 2372, '', ''),
(9655, 4, '2004KRIG02', 'Kåre Krig', 'Sweden', 'SwedishOpen2006', '333ni', 'f', 'a', 2452, 2353, 2340, 2366, 2977, 2340, 2390, '', ''),
(9656, 5, '2006BUUS01', 'Henrik Buus Aagaard', 'Denmark', 'SwedishOpen2006', '333ni', 'f', 'a', 2814, 2589, 2428, 2693, 3098, 2428, 2699, 'NR', 'NR'),
(9657, 6, '2006OHMA01', 'Mikael Öhman', 'Sweden', 'SwedishOpen2006', '333ni', 'f', 'a', 2952, 2962, 2071, 2803, 2957, 2071, 2904, '', ''),
(9658, 7, '2006LECK01', 'Mimmi Leckius', 'Sweden', 'SwedishOpen2006', '333ni', 'f', 'a', 2849, 4567, 3594, 3629, 3215, 2849, 3479, '', ''),
(9659, 8, '2006BLOM01', 'Tobias Blomberg', 'Sweden', 'SwedishOpen2006', '333ni', 'f', 'a', 3695, 2469, 3303, 3447, 4389, 2469, 3482, '', ''),
(9660, 9, '2006JOHA01', 'Erik Johansson', 'Sweden', 'SwedishOpen2006', '333ni', 'f', 'a', 3623, 3625, 3996, 3401, 3391, 3391, 3550, '', ''),
(9661, 10, '2005ORST01', 'Lars Örström', 'Sweden', 'SwedishOpen2006', '333ni', 'f', 'a', 3625, 3837, 4055, 3363, 3670, 3363, 3711, '', ''),
(9662, 11, '2005ASPE01', 'Lennart Aspelin', 'Sweden', 'SwedishOpen2006', '333ni', 'f', 'a', 3120, 4143, 4913, 3859, 3502, 3120, 3835, '', ''),
(9663, 12, '2005GUST02', 'Tommy Gustavsson', 'Sweden', 'SwedishOpen2006', '333ni', 'f', 'a', 4778, 3628, 3420, 3240, 4506, 3240, 3851, '', ''),
(9664, 13, '2005GUST01', 'Kenneth Gustavsson', 'Sweden', 'SwedishOpen2006', '333ni', 'f', 'a', 4991, 5244, -1, 4605, 4918, 4605, 5051, '', ''),
(9665, 14, '2006JACO01', 'Magnus Jacobsson', 'Sweden', 'SwedishOpen2006', '333ni', 'f', 'a', 4674, 5698, 5803, 5487, 5440, 4674, 5542, '', ''),
(9666, 15, '2006JOHA02', 'Örjan Johansson', 'Sweden', 'SwedishOpen2006', '333ni', 'f', 'a', 10790, 9447, 7904, 11416, 16140, 7904, 10551, '', ''),
(9667, 16, '2006BITE01', 'Niklas Bitén', 'Sweden', 'SwedishOpen2006', '333ni', 'f', 'a', -1, 4517, -1, 4390, 4741, 4390, -1, '', ''),
(9671, 1, '2004KRIG01', 'Gunnar Krig', 'Sweden', 'SwedishOpen2006', '222oh', 'f', 'a', 1067, 1246, 1197, 1245, 2634, 1067, 1229, '', 'WR'),
(9672, 2, '2005ASPE01', 'Lennart Aspelin', 'Sweden', 'SwedishOpen2006', '222oh', 'f', 'a', 1251, 1684, 2050, 892, 932, 892, 1289, 'WR', ''),
(9673, 3, '2006GERH01', 'Marcus Gerhardsson', 'Sweden', 'SwedishOpen2006', '222oh', 'f', 'a', 1848, 1627, 3269, 1288, 1467, 1288, 1647, '', ''),
(9674, 4, '2005GUST01', 'Kenneth Gustavsson', 'Sweden', 'SwedishOpen2006', '222oh', 'f', 'a', 2160, 1746, 2793, 2219, 1802, 1746, 2060, '', ''),
(9675, 5, '2006JOHA01', 'Erik Johansson', 'Sweden', 'SwedishOpen2006', '222oh', 'f', 'a', 2200, 2178, 2913, 2833, 2777, 2178, 2603, '', ''),
(9676, 6, '2006BUUS01', 'Henrik Buus Aagaard', 'Denmark', 'SwedishOpen2006', '222oh', 'f', 'a', 2869, 1985, 2845, 3659, 2733, 1985, 2816, 'NR', 'NR'),
(9677, 7, '2004KRIG02', 'Kåre Krig', 'Sweden', 'SwedishOpen2006', '222oh', 'f', 'a', 3603, 2944, 2553, 3692, 3202, 2553, 3250, '', ''),
(9678, 3, '2007TIIN01', 'Teemu Tiinanen', 'Finland', 'FinnishOpen2007', 'snake', 'f', 'a', 754, 843, 781, 1160, 703, 703, 793, '', ''),
(9679, 1, '2004KRIG01', 'Gunnar Krig', 'Sweden', 'SwedishCubeday2005', '222oh', 'f', 'm', 1984, 1793, 4030, 0, 0, 1793, 2602, 'WR', 'WR'),
(9680, 2, '2004KRIG02', 'Kåre Krig', 'Sweden', 'SwedishCubeday2005', '222oh', 'f', 'm', 3193, 2300, 3080, 0, 0, 2300, 2858, '', ''),
(9681, 3, '2005GUST01', 'Kenneth Gustavsson', 'Sweden', 'SwedishCubeday2005', '222oh', 'f', 'm', -1, 2952, 1966, 0, 0, 1966, -1, '', ''),
(9682, 1, '2004KRIG01', 'Gunnar Krig', 'Sweden', 'SwedishCubeday2005', '333ni', 'f', 'a', 2090, 2557, 2013, 2107, 2411, 2013, 2203, '', ''),
(9683, 2, '2004KRIG02', 'Kåre Krig', 'Sweden', 'SwedishCubeday2005', '333ni', 'f', 'a', 1854, 2269, 3058, 4104, 2917, 1854, 2748, 'NR', ''),
(9684, 3, '2004HERM01', 'Daniel Hermansson', 'Sweden', 'SwedishCubeday2005', '333ni', 'f', 'a', 3490, 3336, 3537, 3214, 2966, 2966, 3347, '', ''),
(9685, 4, '2005RAND01', 'Hampus Randén', 'Sweden', 'SwedishCubeday2005', '333ni', 'f', 'a', 3214, 3912, 4099, 3902, 3674, 3214, 3829, '', ''),
(9686, 5, '2005ORST01', 'Lars Örström', 'Sweden', 'SwedishCubeday2005', '333ni', 'f', 'a', 3606, 3145, 4240, 4961, 4384, 3145, 4077, '', ''),
(9687, 6, '2005ULFE01', 'Christian Ulfendahl', 'Sweden', 'SwedishCubeday2005', '333ni', 'f', 'a', 4016, 4105, 4513, 4394, 3776, 3776, 4172, '', ''),
(9688, 7, '2005GUST02', 'Tommy Gustavsson', 'Sweden', 'SwedishCubeday2005', '333ni', 'f', 'a', 4236, 4187, 5037, 5095, 5128, 4187, 4789, '', ''),
(9689, 8, '2005GUST01', 'Kenneth Gustavsson', 'Sweden', 'SwedishCubeday2005', '333ni', 'f', 'a', 4968, 4895, 5407, 4067, 4556, 4067, 4806, '', ''),
(9690, 9, '2005ORST02', 'Linus Örström', 'Sweden', 'SwedishCubeday2005', '333ni', 'f', 'a', 4614, 5268, 5575, 3977, 4709, 3977, 4864, '', ''),
(9691, 10, '2003WESS01', 'Rune Wesström', 'Sweden', 'SwedishCubeday2005', '333ni', 'f', 'a', 4985, -1, 4642, 7197, 6946, 4642, 6376, '', ''),
(9692, 11, '2005LANG01', 'Linus Langsmo', 'Sweden', 'SwedishCubeday2005', '333ni', 'f', 'a', 6982, 5605, 5954, 6333, 7046, 5605, 6423, '', ''),
(9693, 12, '2005BACK01', 'Peter Backeman', 'Sweden', 'SwedishCubeday2005', '333ni', 'f', 'a', 7294, 6211, 6557, 8324, 5795, 5795, 6687, '', ''),
(9700, 1, '2005RAND01', 'Hampus Randén', 'Sweden', 'SwedishCubeday2005', 'magico', 'f', 'a', -1, 2272, 2615, 2502, 1752, 1752, 2463, '', 'WR'),
(9701, 2, '2004KRIG02', 'Kåre Krig', 'Sweden', 'SwedishCubeday2005', 'magico', 'f', 'a', 1417, -1, 1221, 1139, -1, 1139, -1, 'NR', ''),
(9702, 3, '2005LANG01', 'Linus Langsmo', 'Sweden', 'SwedishCubeday2005', 'magico', 'f', 'a', -1, 2049, -1, -1, 1891, 1891, -1, '', ''),
(9703, 1, '2005AKKE01', 'Erik Akkersdijk', 'Netherlands', 'SwedishCubeDay2007', '222oh', 'f', 'a', 1030, 1166, 2543, 1125, 1086, 1030, 1126, 'NR', 'WR'),
(9704, 2, '2005ASPE01', 'Lennart Aspelin', 'Sweden', 'SwedishCubeDay2007', '222oh', 'f', 'a', 1294, 883, 1203, 793, 2584, 793, 1127, '', 'NR'),
(9705, 3, '2005VANH01', 'Anssi Vanhala', 'Finland', 'SwedishCubeDay2007', '222oh', 'f', 'a', 1300, 875, 1297, 1043, 1196, 875, 1179, 'NR', 'NR'),
(9706, 4, '2004KRIG01', 'Gunnar Krig', 'Sweden', 'SwedishCubeDay2007', '222oh', 'f', 'a', 1118, 1269, 1578, 1025, 1406, 1025, 1264, '', ''),
(9707, 5, '2004CHAM01', 'Edouard Chambon', 'France', 'SwedishCubeDay2007', '222oh', 'f', 'a', 1415, 1528, 1390, -1, 1302, 1302, 1444, 'NR', 'NR'),
(9708, 6, '2006JOHA01', 'Erik Johansson', 'Sweden', 'SwedishCubeDay2007', '222oh', 'f', 'a', 2483, 641, 1315, 1458, 2080, 641, 1618, 'WR', ''),
(9709, 7, '2006GALE01', 'Arnaud van Galen', 'Netherlands', 'SwedishCubeDay2007', '222oh', 'f', 'a', 2461, 2280, 4778, 2469, 2156, 2156, 2403, '', ''),
(9710, 8, '2006ASPE01', 'Malin Aspelin', 'Sweden', 'SwedishCubeDay2007', '222oh', 'f', 'a', 3131, 1528, 2586, 1872, 3216, 1528, 2530, '', ''),
(9711, 9, '2007HOLM01', 'Johan Holmedahl', 'Sweden', 'SwedishCubeDay2007', '222oh', 'f', 'a', 4027, 4618, 3956, 4715, 3252, 3252, 4200, '', ''),
(9712, 10, '2003LARS01', 'Anders Larsson', 'Sweden', 'SwedishCubeDay2007', '222oh', 'f', 'a', 6340, 2961, 5591, 3371, 5781, 2961, 4914, '', ''),
(9713, 11, '2007CLAE01', 'Magnus Claesson', 'Sweden', 'SwedishCubeDay2007', '222oh', 'f', 'a', 9696, -1, 8197, 6038, 6558, 6038, 8150, '', ''),
(9714, 12, '2005GUST01', 'Kenneth Gustavsson', 'Sweden', 'SwedishCubeDay2007', '222oh', 'f', 'a', -1, 2022, -1, 2134, -1, 2022, -1, '', ''),
(9715, 1, '2005ASPE01', 'Lennart Aspelin', 'Sweden', 'SwedishCubeDay2007', 'snake', 'f', 'a', 993, 815, 1190, 1034, 884, 815, 970, '', ''),
(9716, 2, '2005AKKE01', 'Erik Akkersdijk', 'Netherlands', 'SwedishCubeDay2007', 'snake', 'f', 'a', 921, 961, 890, -1, 1406, 890, 1096, 'NR', 'NR'),
(9717, 3, '2005GUST01', 'Kenneth Gustavsson', 'Sweden', 'SwedishCubeDay2007', 'snake', 'f', 'a', 756, -1, 1572, 1166, 747, 747, 1165, '', ''),
(9718, 1, '2003BURT01', 'Bob Burton', 'USA', 'WC2005', 'magico', 'f', '2', 389, 438, 0, 0, 0, 389, 0, 'WR', ''),
(9719, 2, '2005MUNJ01', 'Jonathan Mun', 'USA', 'WC2005', 'magico', 'f', '2', 1377, 496, 0, 0, 0, 496, 0, '', ''),
(9720, 3, '2003POCH01', 'Stefan Pochmann', 'Germany', 'WC2005', 'magico', 'f', '2', 1034, 1244, 0, 0, 0, 1034, 0, 'ER', ''),
(9721, 1, '2005VANH01', 'Anssi Vanhala', 'Finland', 'SwedishOpen2005', '333ni', 'f', 'a', 1881, 1912, 1729, 1884, 2013, 1729, 1892, 'WR', 'WR'),
(9722, 2, '2004KRIG01', 'Gunnar Krig', 'Sweden', 'SwedishOpen2005', '333ni', 'f', 'a', 2125, 2176, 2134, 2317, 2055, 2055, 2145, 'NR', 'NR'),
(9723, 3, '2005HILL01', 'Johan Hillerström', 'Sweden', 'SwedishOpen2005', '333ni', 'f', 'a', 3224, 2650, 2224, 2614, 2289, 2224, 2518, '', ''),
(9724, 4, '2004KRIG02', 'Kåre Krig', 'Sweden', 'SwedishOpen2005', '333ni', 'f', 'a', 2538, 2698, 2957, 2667, 2447, 2447, 2634, '', ''),
(9725, 5, '2005GAIN01', 'Mark Gaines', 'Sweden', 'SwedishOpen2005', '333ni', 'f', 'a', 3130, 2524, 2709, 4000, 3032, 2524, 2957, '', ''),
(9726, 6, '2004KODR01', 'Stefan Kodrnja', 'Sweden', 'SwedishOpen2005', '333ni', 'f', 'a', 3164, 3697, 4038, -1, 3190, 3164, 3642, '', ''),
(9727, 7, '2005ASPE01', 'Lennart Aspelin', 'Sweden', 'SwedishOpen2005', '333ni', 'f', 'a', 3220, 3500, 3970, 4169, 4404, 3220, 3880, '', ''),
(9728, 8, '2005ORST01', 'Lars Örström', 'Sweden', 'SwedishOpen2005', '333ni', 'f', 'a', 4146, 4064, 4380, 3854, 3823, 3823, 4021, '', ''),
(9729, 9, '2004NILS01', 'Dennis Nilsson', 'Sweden', 'SwedishOpen2005', '333ni', 'f', 'a', 4018, 4653, 4298, 3255, 5211, 3255, 4323, '', ''),
(9730, 10, '2004EKLU01', 'Ann-Charlotte Eklund', 'Sweden', 'SwedishOpen2005', '333ni', 'f', 'a', 6309, 5033, 4224, 4791, 4314, 4224, 4713, '', ''),
(9731, 11, '2005ORST02', 'Linus Örström', 'Sweden', 'SwedishOpen2005', '333ni', 'f', 'a', 5246, 6370, 4472, 4921, 3642, 3642, 4880, '', ''),
(9732, 12, '2005TYLM01', 'Mikael Tylmad', 'Sweden', 'SwedishOpen2005', '333ni', 'f', 'a', 6020, 4986, -1, 4683, 5118, 4683, 5375, '', ''),
(9733, 13, '2005GUST01', 'Kenneth Gustavsson', 'Sweden', 'SwedishOpen2005', '333ni', 'f', 'a', 5468, 7642, 4970, 5028, 5580, 4970, 5359, '', ''),
(9734, 14, '2005GUST02', 'Tommy Gustavsson', 'Sweden', 'SwedishOpen2005', '333ni', 'f', 'a', 5568, 5809, 10267, 5049, 6316, 5049, 5898, '', ''),
(9735, 15, '2005RAND01', 'Hampus Randén', 'Sweden', 'SwedishOpen2005', '333ni', 'f', 'a', -1, 6035, 7112, 6297, 9926, 6035, 7778, '', ''),
(9736, 16, '2005BOEH01', 'Joel Boehm', 'Sweden', 'SwedishOpen2005', '333ni', 'f', 'a', 8000, 7528, 6692, 6276, 9095, 6276, 7407, '', ''),
(9737, 17, '2005LANG01', 'Linus Langsmo', 'Sweden', 'SwedishOpen2005', '333ni', 'f', 'a', 10202, 9699, 9604, 7487, 7128, 7128, 8930, '', ''),
(9738, 4, '2007RUND01', 'Jonas Rundberg', 'Sweden', 'SwedishCubeDay2007', 'snake', 'f', 'a', 1591, 1300, 1185, -1, 1352, 1185, 1414, '', ''),
(9739, 5, '2006JOHA01', 'Erik Johansson', 'Sweden', 'SwedishCubeDay2007', 'snake', 'f', 'a', 1922, 1997, 1747, 1443, 2027, 1443, 1889, '', ''),
(9740, 1, '2007LAIR01', 'Johannes Laire', 'Finland', 'HelsinkiOpen2008', 'snake', 'f', 'a', 252, 577, 291, -1, 647, 252, 505, 'WR', ''),
(9741, 2, '2005GUST01', 'Kenneth Gustavsson', 'Sweden', 'HelsinkiOpen2008', 'snake', 'f', 'a', 591, 475, 553, 580, 555, 475, 563, 'NR', 'NR'),
(9742, 3, '2007TIIN01', 'Teemu Tiinanen', 'Finland', 'HelsinkiOpen2008', 'snake', 'f', 'a', 684, 702, 600, 653, 508, 508, 646, '', ''),
(9743, 4, '2003LARS01', 'Anders Larsson', 'Sweden', 'HelsinkiOpen2008', 'snake', 'f', 'a', 852, 1166, -1, 803, 1056, 803, 1025, '', ''),
(9744, 5, '2005GUST02', 'Tommy Gustavsson', 'Sweden', 'HelsinkiOpen2008', 'snake', 'f', 'a', 2977, 1719, 1875, 1940, 1266, 1266, 1845, '', ''),
(9745, 6, '2007HELL01', 'Otto von Hellens', 'Finland', 'HelsinkiOpen2008', 'snake', 'f', 'a', -1, -1, 621, 472, 516, 472, -1, '', ''),
(9746, 1, '2005GUST01', 'Kenneth Gustavsson', 'Sweden', 'Vastervik2008', 'snake', 'f', 'a', 661, -1, 675, 521, 583, 521, 640, '', ''),
(9747, 2, '2003LARS01', 'Anders Larsson', 'Sweden', 'Vastervik2008', 'snake', 'f', 'a', 784, 908, 1396, -1, 772, 772, 1029, '', ''),
(9748, 3, '2007RUND01', 'Jonas Rundberg', 'Sweden', 'Vastervik2008', 'snake', 'f', 'a', 1491, 1206, 1336, 1553, 1759, 1206, 1460, '', ''),
(9749, 4, '2006JOHA01', 'Erik Johansson', 'Sweden', 'Vastervik2008', 'snake', 'f', 'a', 1561, 1734, 1343, 1503, 1271, 1271, 1469, '', ''),
(9750, 1, '2006OOKU02', 'Tatsuya Ookubo', 'Japan', 'OsakaOpen2008', 'skewb', 'f', 'a', 1944, 1591, 3343, 1430, 1502, 1430, 1679, '', 'WR'),
(9751, 2, '2006SUZU01', 'Yohei Suzuki', 'Japan', 'OsakaOpen2008', 'skewb', 'f', 'a', 1481, -1, 1294, 3008, 1747, 1294, 2079, 'WR', ''),
(9752, 3, '2007DODE01', 'Tomoya Dode', 'Japan', 'OsakaOpen2008', 'skewb', 'f', 'a', 2234, 2309, 1959, 2290, 1819, 1819, 2161, '', ''),
(9753, 4, '2006OOKU01', 'Takayuki Ookusa', 'Japan', 'OsakaOpen2008', 'skewb', 'f', 'a', 2847, 3747, 2259, 2075, 1355, 1355, 2394, '', ''),
(9754, 5, '2005TAKA01', 'Syoji Takamatsu', 'Japan', 'OsakaOpen2008', 'skewb', 'f', 'a', 6400, 2993, 2650, 2990, 2036, 2036, 2878, '', ''),
(9755, 6, '2006OKAY01', 'Yohei Oka', 'Japan', 'OsakaOpen2008', 'skewb', 'f', 'a', 5621, 3483, 2881, 2408, 3427, 2408, 3264, '', ''),
(9756, 7, '2006ARAK02', 'Yu Araki', 'Japan', 'OsakaOpen2008', 'skewb', 'f', 'a', 6747, 4103, 2002, 6153, 3263, 2002, 4506, '', ''),
(9757, 8, '2007SUGA01', 'Nobuaki Suga', 'Japan', 'OsakaOpen2008', 'skewb', 'f', 'a', -1, 5366, -1, 5977, 5233, 5233, -1, '', ''),
(9758, 1, '2003RUET01', 'Jake Rueth', 'USA', 'MinnesotaOpen2008', 'skewb', 'f', 'a', 966, 1653, 1336, 1986, 1605, 966, 1531, 'WR', 'WR'),
(9759, 2, '2007HEVE01', 'Noah Hevey', 'USA', 'MinnesotaOpen2008', 'skewb', 'f', 'a', -1, 1831, 1350, 1333, 1677, 1333, 1619, '', ''),
(9760, 3, '2007ALIS01', 'Siraj Ali', 'USA', 'MinnesotaOpen2008', 'skewb', 'f', 'a', 1097, 3480, 1758, 3519, 2238, 1097, 2492, '', ''),
(9761, 4, '2003BABC01', 'Peter Babcock', 'USA', 'MinnesotaOpen2008', 'skewb', 'f', 'a', 2075, 2169, 2088, 4215, 3258, 2075, 2505, '', ''),
(9762, 5, '2007LOGA01', 'Bryan Logan', 'USA', 'MinnesotaOpen2008', 'skewb', 'f', 'a', 2905, 1969, 3511, 2805, 2618, 1969, 2776, '', ''),
(9763, 6, '2003BURT01', 'Bob Burton', 'USA', 'MinnesotaOpen2008', 'skewb', 'f', 'a', 2796, 3577, 3547, 4225, 2434, 2434, 3307, '', ''),
(9764, 7, '2007ANDE01', 'Paul Anderson', 'USA', 'MinnesotaOpen2008', 'skewb', 'f', 'a', 4972, 3318, 3375, 6663, 2377, 2377, 3888, '', ''),
(9765, 1, '2007LAIR01', 'Johannes Laire', 'Finland', 'FinnishOpen2008', 'snake', 'f', 'a', 465, 491, 381, 655, 261, 261, 446, '', ''),
(9766, 2, '2007TIIN01', 'Teemu Tiinanen', 'Finland', 'FinnishOpen2008', 'snake', 'f', 'a', 552, 372, 683, 428, 561, 372, 514, '', ''),
(9767, 3, '2003LARS01', 'Anders Larsson', 'Sweden', 'FinnishOpen2008', 'snake', 'f', 'a', 972, 644, 683, 656, 677, 644, 672, '', ''),
(9768, 4, '2007HELL01', 'Otto von Hellens', 'Finland', 'FinnishOpen2008', 'snake', 'f', 'a', 711, 940, -1, 793, 772, 711, 835, '', ''),
(9769, 5, '2007PYSS01', 'Okko Pyssysalo', 'Finland', 'FinnishOpen2008', 'snake', 'f', 'a', 3997, 1365, 1438, 1219, 1372, 1219, 1392, '', ''),
(9770, 6, '2007VALK01', 'Mats Valk', 'Netherlands', 'FinnishOpen2008', 'snake', 'f', 'a', -1, 1033, 1050, 1822, 1355, 1033, 1409, '', ''),
(9771, 1, '2005GUST01', 'Kenneth Gustavsson', 'Sweden', 'SwedishOpen2008', 'snake', 'f', 'a', 686, 505, 531, 559, 515, 505, 535, '', 'NR'),
(9772, 2, '2007CLAE02', 'Marlene Claesson', 'Sweden', 'SwedishOpen2008', 'snake', 'f', 'a', 694, 550, 1109, 853, 759, 550, 769, '', ''),
(9773, 3, '2007RUND01', 'Jonas Rundberg', 'Sweden', 'SwedishOpen2008', 'snake', 'f', 'a', 819, 769, 690, -1, 813, 690, 800, '', ''),
(9774, 4, '2008RUND01', 'Johannes Rundberg', 'Sweden', 'SwedishOpen2008', 'snake', 'f', 'a', 688, 1027, 786, 702, -1, 688, 838, '', ''),
(9775, 5, '2006SOUC01', 'Aurélien Souchet', 'France', 'SwedishOpen2008', 'snake', 'f', 'a', 1966, 1000, 775, 636, 783, 636, 853, 'NR', 'NR'),
(9776, 6, '2007BERG01', 'David Bergling', 'Sweden', 'SwedishOpen2008', 'snake', 'f', 'a', 1425, 734, 738, 1002, 1006, 734, 915, '', ''),
(9777, 7, '2006BUUS01', 'Henrik Buus Aagaard', 'Denmark', 'SwedishOpen2008', 'snake', 'f', 'a', 596, 684, 1552, -1, 722, 596, 986, 'NR', 'NR'),
(9778, 8, '2008WEST02', 'Simon Westlund', 'Sweden', 'SwedishOpen2008', 'snake', 'f', 'a', -1, 656, 608, 878, 2105, 608, 1213, '', ''),
(9779, 9, '2007HOLM01', 'Johan Holmedahl', 'Sweden', 'SwedishOpen2008', 'snake', 'f', 'a', 1256, 1771, 1465, 1072, 1405, 1072, 1375, '', ''),
(9780, 10, '2006JOHA01', 'Erik Johansson', 'Sweden', 'SwedishOpen2008', 'snake', 'f', 'a', 2390, 1590, 2316, 4450, 2244, 1590, 2317, '', ''),
(9781, 11, '2005GUST02', 'Tommy Gustavsson', 'Sweden', 'SwedishOpen2008', 'snake', 'f', 'a', 2077, 3036, 4091, -1, 2297, 2077, 3141, '', ''),
(9782, 1, '2006BUUS01', 'Henrik Buus Aagaard', 'Denmark', 'SwedishOpen2008', '222bf', 'f', '3', 3369, 3808, -1, 0, 0, 3369, 0, 'WR', ''),
(9783, 2, '2007PERG01', 'Olivér Perge', 'Hungary', 'SwedishOpen2008', '222bf', 'f', '3', -1, -1, 3394, 0, 0, 3394, 0, 'NR', ''),
(9784, 3, '2007LUTH01', 'Mats Luthman', 'Sweden', 'SwedishOpen2008', '222bf', 'f', '3', 5075, 8909, 8941, 0, 0, 5075, 0, 'NR', ''),
(9785, 4, '2006JOHA01', 'Erik Johansson', 'Sweden', 'SwedishOpen2008', '222bf', 'f', '3', -1, 5280, 9603, 0, 0, 5280, 0, '', ''),
(9786, 5, '2007LUND01', 'Daniel Lundwall', 'Sweden', 'SwedishOpen2008', '222bf', 'f', '3', -1, -1, -1, 0, 0, -1, 0, '', ''),
(9787, 5, '2004KRIG01', 'Gunnar Krig', 'Sweden', 'SwedishOpen2008', '222bf', 'f', '3', -1, -1, -1, 0, 0, -1, 0, '', ''),
(9788, 5, '2007GOUL01', 'Joey Gouly', 'United Kingdom', 'SwedishOpen2008', '222bf', 'f', '3', -1, -1, -1, 0, 0, -1, 0, '', ''),
(9844, 17, '2005GUST02', 'Tommy Gustavsson', 'Sweden', 'SwedishOpen2008', '333r3', 'f', '1', 10375, 0, 0, 0, 0, 10375, 0, '', ''),
(9843, 16, '2007CHRI02', 'Mads Mohr Christensen', 'Denmark', 'SwedishOpen2008', '333r3', 'f', '1', 10131, 0, 0, 0, 0, 10131, 0, '', ''),
(9842, 15, '2008KJOR01', 'Adam Kjörk', 'Sweden', 'SwedishOpen2008', '333r3', 'f', '1', 9759, 0, 0, 0, 0, 9759, 0, '', ''),
(9841, 14, '2008SKAR01', 'Arvid Skarrie', 'Sweden', 'SwedishOpen2008', '333r3', 'f', '1', 9693, 0, 0, 0, 0, 9693, 0, '', ''),
(9840, 13, '2008DELV01', 'Simon Delvert', 'Sweden', 'SwedishOpen2008', '333r3', 'f', '1', 9568, 0, 0, 0, 0, 9568, 0, '', ''),
(9839, 12, '2007HOLM02', 'Tommy Holm', 'Sweden', 'SwedishOpen2008', '333r3', 'f', '1', 9393, 0, 0, 0, 0, 9393, 0, '', ''),
(9838, 11, '2007CLAE01', 'Magnus Claesson', 'Sweden', 'SwedishOpen2008', '333r3', 'f', '1', 8527, 0, 0, 0, 0, 8527, 0, '', ''),
(9837, 10, '2006SOUC01', 'Aurélien Souchet', 'France', 'SwedishOpen2008', '333r3', 'f', '1', 7921, 0, 0, 0, 0, 7921, 0, 'NR', ''),
(9836, 9, '2006JOHA01', 'Erik Johansson', 'Sweden', 'SwedishOpen2008', '333r3', 'f', '1', 7143, 0, 0, 0, 0, 7143, 0, '', ''),
(9835, 8, '2008WEST02', 'Simon Westlund', 'Sweden', 'SwedishOpen2008', '333r3', 'f', '1', 7140, 0, 0, 0, 0, 7140, 0, '', ''),
(9834, 7, '2005GAIN01', 'Mark Gaines', 'Sweden', 'SwedishOpen2008', '333r3', 'f', '1', 6697, 0, 0, 0, 0, 6697, 0, '', ''),
(9833, 6, '2007PERG01', 'Olivér Perge', 'Hungary', 'SwedishOpen2008', '333r3', 'f', '1', 6384, 0, 0, 0, 0, 6384, 0, 'NR', ''),
(9832, 5, '2007LUND01', 'Daniel Lundwall', 'Sweden', 'SwedishOpen2008', '333r3', 'f', '1', 5925, 0, 0, 0, 0, 5925, 0, '', ''),
(9831, 4, '2006BUUS01', 'Henrik Buus Aagaard', 'Denmark', 'SwedishOpen2008', '333r3', 'f', '1', 5769, 0, 0, 0, 0, 5769, 0, 'NR', ''),
(9830, 3, '2007HOLM01', 'Johan Holmedahl', 'Sweden', 'SwedishOpen2008', '333r3', 'f', '1', 5533, 0, 0, 0, 0, 5533, 0, '', ''),
(9829, 2, '2007GOUL01', 'Joey Gouly', 'United Kingdom', 'SwedishOpen2008', '333r3', 'f', '1', 5168, 0, 0, 0, 0, 5168, 0, 'NR', ''),
(9828, 1, '2004KRIG01', 'Gunnar Krig', 'Sweden', 'SwedishOpen2008', '333r3', 'f', '1', 5150, 0, 0, 0, 0, 5150, 0, 'WR', ''),
(9845, 18, '2005GUST01', 'Kenneth Gustavsson', 'Sweden', 'SwedishOpen2008', '333r3', 'f', '1', 11090, 0, 0, 0, 0, 11090, 0, '', ''),
(9846, 19, '2007MOLI01', 'Annica Molin', 'Sweden', 'SwedishOpen2008', '333r3', 'f', '1', 13234, 0, 0, 0, 0, 13234, 0, '', ''),
(9847, 20, '2007CLAE02', 'Marlene Claesson', 'Sweden', 'SwedishOpen2008', '333r3', 'f', '1', 13463, 0, 0, 0, 0, 13463, 0, '', ''),
(9848, 21, '2007RUND01', 'Jonas Rundberg', 'Sweden', 'SwedishOpen2008', '333r3', 'f', '1', 17886, 0, 0, 0, 0, 17886, 0, '', ''),
(9849, 22, '2007CLAE03', 'Mattias Claesson', 'Sweden', 'SwedishOpen2008', '333r3', 'f', '1', -1, 0, 0, 0, 0, -1, 0, '', ''),
(9897, 1, '2004KRIG01', 'Gunnar Krig', 'Sweden', 'SwedishOpen2008', '333ni', 'f', 'a', 2208, 1875, 1925, 1584, 1508, 1508, 1795, 'WR', 'NR'),
(9898, 2, '2006BUUS01', 'Henrik Buus Aagaard', 'Denmark', 'SwedishOpen2008', '333ni', 'f', 'a', 2159, 1838, 1715, 1783, 1794, 1715, 1805, 'NR', 'NR'),
(9899, 3, '2007HOLM01', 'Johan Holmedahl', 'Sweden', 'SwedishOpen2008', '333ni', 'f', 'a', 1902, 1793, 2194, 1750, 1747, 1747, 1815, '', ''),
(9900, 4, '2007CLAE03', 'Mattias Claesson', 'Sweden', 'SwedishOpen2008', '333ni', 'f', 'a', 2100, 1991, 2059, 1734, 2321, 1734, 2050, '', ''),
(9901, 5, '2007PERG01', 'Olivér Perge', 'Hungary', 'SwedishOpen2008', '333ni', 'f', 'a', 2178, 1665, 1961, 2143, 2171, 1665, 2092, 'NR', 'NR'),
(9902, 6, '2007GOUL01', 'Joey Gouly', 'United Kingdom', 'SwedishOpen2008', '333ni', 'f', 'a', 2296, 3277, 1972, 2119, 1833, 1833, 2129, 'NR', 'NR'),
(9903, 7, '2005GAIN01', 'Mark Gaines', 'Sweden', 'SwedishOpen2008', '333ni', 'f', 'a', 1875, 2406, 2484, 1972, 2322, 1875, 2233, '', ''),
(9904, 8, '2008WEST02', 'Simon Westlund', 'Sweden', 'SwedishOpen2008', '333ni', 'f', 'a', 2308, 2169, 2221, 2508, 1886, 1886, 2233, '', ''),
(9905, 9, '2007LUND01', 'Daniel Lundwall', 'Sweden', 'SwedishOpen2008', '333ni', 'f', 'a', 2344, 2471, 1547, 3015, 2228, 1547, 2348, '', ''),
(9906, 10, '2006SOUC01', 'Aurélien Souchet', 'France', 'SwedishOpen2008', '333ni', 'f', 'a', 2341, 2165, 2866, 3080, 2452, 2165, 2553, 'NR', 'NR'),
(9907, 11, '2006JOHA01', 'Erik Johansson', 'Sweden', 'SwedishOpen2008', '333ni', 'f', 'a', 2775, 1968, 2528, 2544, 2806, 1968, 2616, '', ''),
(9908, 12, '2008DELV01', 'Simon Delvert', 'Sweden', 'SwedishOpen2008', '333ni', 'f', 'a', 3119, 2336, 2393, -1, 2341, 2336, 2618, '', ''),
(9909, 13, '2007CLAE01', 'Magnus Claesson', 'Sweden', 'SwedishOpen2008', '333ni', 'f', 'a', 2781, 2925, 3361, 2675, 2346, 2346, 2794, '', ''),
(9910, 14, '2008SORM01', 'Simon Sörman', 'Sweden', 'SwedishOpen2008', '333ni', 'f', 'a', 2903, 2833, 3159, 3058, 3146, 2833, 3036, '', ''),
(9911, 15, '2007HOLM02', 'Tommy Holm', 'Sweden', 'SwedishOpen2008', '333ni', 'f', 'a', 2991, 3034, 2922, 4196, 3200, 2922, 3075, '', ''),
(9912, 16, '2007CHRI02', 'Mads Mohr Christensen', 'Denmark', 'SwedishOpen2008', '333ni', 'f', 'a', 3008, 3753, 3334, 3134, 3463, 3008, 3310, '', ''),
(9913, 17, '2005GUST01', 'Kenneth Gustavsson', 'Sweden', 'SwedishOpen2008', '333ni', 'f', 'a', 2846, 3377, 3622, 3211, 3994, 2846, 3403, '', ''),
(9914, 18, '2005GUST02', 'Tommy Gustavsson', 'Sweden', 'SwedishOpen2008', '333ni', 'f', 'a', 3288, 3683, 3284, 3103, 3758, 3103, 3418, '', ''),
(9915, 19, '2008SKAR01', 'Arvid Skarrie', 'Sweden', 'SwedishOpen2008', '333ni', 'f', 'a', 4259, 3709, 2925, 3377, 3640, 2925, 3575, '', ''),
(9916, 20, '2008KJOR01', 'Adam Kjörk', 'Sweden', 'SwedishOpen2008', '333ni', 'f', 'a', 3763, 4309, 3494, 3172, 3618, 3172, 3625, '', ''),
(9917, 21, '2007MOLI01', 'Annica Molin', 'Sweden', 'SwedishOpen2008', '333ni', 'f', 'a', 3972, 3375, 5084, 3952, 3544, 3375, 3823, '', ''),
(9918, 22, '2007CLAE02', 'Marlene Claesson', 'Sweden', 'SwedishOpen2008', '333ni', 'f', 'a', 3903, 5012, 3859, 3861, 3800, 3800, 3874, '', ''),
(9919, 23, '2008ERDA01', 'Jonatan Erdal', 'Sweden', 'SwedishOpen2008', '333ni', 'f', 'a', 3875, 4231, 3984, 4034, 4334, 3875, 4083, '', ''),
(9920, 24, '2008WING03', 'Gustaf Wingren', 'Sweden', 'SwedishOpen2008', '333ni', 'f', 'a', 4908, 4240, 5300, 4673, 4691, 4240, 4757, '', ''),
(9921, 25, '2007KOLL01', 'Mats Kollbrink', 'Sweden', 'SwedishOpen2008', '333ni', 'f', 'a', 4368, 7325, 4277, 4127, 5878, 4127, 4841, '', ''),
(9922, 26, '2008BERG03', 'Malin Bergvall', 'Sweden', 'SwedishOpen2008', '333ni', 'f', 'a', 5441, 7009, 6416, 6753, 5411, 5411, 6203, '', ''),
(9923, 27, '2008ROUR01', 'Nicolas Roure', 'France', 'SwedishOpen2008', '333ni', 'f', 'a', 5430, 13190, 6981, 6415, 6078, 5430, 6491, '', ''),
(9924, 28, '2005TYLM01', 'Mikael Tylmad', 'Sweden', 'SwedishOpen2008', '333ni', 'f', 'a', 5925, 5416, 4528, 8200, -1, 4528, 6514, '', ''),
(9925, 29, '2007RUND01', 'Jonas Rundberg', 'Sweden', 'SwedishOpen2008', '333ni', 'f', 'a', 5591, 6906, 9513, 7538, 6538, 5591, 6994, '', ''),
(9926, 30, '2006JOHA02', 'Örjan Johansson', 'Sweden', 'SwedishOpen2008', '333ni', 'f', 'a', 7618, 7880, 12483, 7003, 7508, 7003, 7669, '', ''),
(9927, 31, '2008STAH01', 'Karl Ståhl', 'Sweden', 'SwedishOpen2008', '333ni', 'f', 'a', 7046, 8493, 7580, 9405, 8550, 7046, 8208, '', ''),
(9965, 1, '2007TIIN01', 'Teemu Tiinanen', 'Finland', 'TampereOpen2008', 'snake', 'f', 'a', -1, 444, 386, 403, 396, 386, 414, '', ''),
(9966, 2, '2007HELL01', 'Otto von Hellens', 'Finland', 'TampereOpen2008', 'snake', 'f', 'a', 1022, 621, 634, 652, 555, 555, 636, '', ''),
(9967, 3, '2008JUKK01', 'Konsta Jukka', 'Finland', 'TampereOpen2008', 'snake', 'f', 'a', 780, 921, 759, 613, 715, 613, 751, '', ''),
(9968, 4, '2007PYSS01', 'Okko Pyssysalo', 'Finland', 'TampereOpen2008', 'snake', 'f', 'a', -1, 763, 800, 978, 1252, 763, 1010, '', ''),
(9969, 5, '2008PYSS01', 'Hilma Pyssysalo', 'Finland', 'TampereOpen2008', 'snake', 'f', 'a', 1103, 1096, 1286, 1411, 1172, 1096, 1187, '', ''),
(9970, 6, '2008POHJ01', 'Joona Pohja', 'Finland', 'TampereOpen2008', 'snake', 'f', 'a', 1400, 2563, 1481, 1150, 1808, 1150, 1563, '', ''),
(10020, 1, '2005ASPE01', 'Lennart Aspelin', 'Sweden', 'SwedishCubeDay2008', '222oh', 'f', 'a', 1103, 815, 1391, 1250, 1509, 815, 1248, '', ''),
(10021, 2, '2006BUUS01', 'Henrik Buus Aagaard', 'Denmark', 'SwedishCubeDay2008', '222oh', 'f', 'a', 1247, 1472, 925, 1288, 1358, 925, 1298, 'NR', 'NR'),
(10022, 3, '2006JOHA01', 'Erik Johansson', 'Sweden', 'SwedishCubeDay2008', '222oh', 'f', 'a', 1602, 1055, 1146, 1690, 2071, 1055, 1479, '', ''),
(10023, 4, '2004KRIG01', 'Gunnar Krig', 'Sweden', 'SwedishCubeDay2008', '222oh', 'f', 'a', 1315, 1091, -1, 1747, 2565, 1091, 1876, '', ''),
(10024, 5, '2007HOLM01', 'Johan Holmedahl', 'Sweden', 'SwedishCubeDay2008', '222oh', 'f', 'a', 2206, 2259, 1047, 1622, 2655, 1047, 2029, '', ''),
(10025, 6, '2007GOUL01', 'Joey Gouly', 'United Kingdom', 'SwedishCubeDay2008', '222oh', 'f', 'a', 2343, 4922, 2430, 1896, 2544, 1896, 2439, 'NR', 'NR'),
(10026, 7, '2003VAND01', 'Lars Vandenbergh', 'Belgium', 'SwedishCubeDay2008', '222oh', 'f', 'a', 5265, 4015, 2575, 2936, 3294, 2575, 3415, 'NR', 'NR'),
(10027, 8, '2003LARS01', 'Anders Larsson', 'Sweden', 'SwedishCubeDay2008', '222oh', 'f', 'a', 3258, 5168, 4015, 3290, 3141, 3141, 3521, '', ''),
(10028, 9, '2006BITE01', 'Niklas Bitén', 'Sweden', 'SwedishCubeDay2008', '222oh', 'f', 'a', 3722, 3394, -1, -1, -2, 3394, -1, '', ''),
(10029, 1, '2004KRIG01', 'Gunnar Krig', 'Sweden', 'SwedishCubeDay2008', '234', 'f', '1', 8872, 0, 0, 0, 0, 8872, 0, 'WR', ''),
(10030, 2, '2007HOLM01', 'Johan Holmedahl', 'Sweden', 'SwedishCubeDay2008', '234', 'f', '1', 9122, 0, 0, 0, 0, 9122, 0, '', ''),
(10031, 3, '2008SEPP01', 'Ville Seppänen', 'Finland', 'SwedishCubeDay2008', '234', 'f', '1', 9350, 0, 0, 0, 0, 9350, 0, 'NR', ''),
(10032, 4, '2007GOUL01', 'Joey Gouly', 'United Kingdom', 'SwedishCubeDay2008', '234', 'f', '1', 9691, 0, 0, 0, 0, 9691, 0, 'NR', ''),
(10033, 5, '2007LUND01', 'Daniel Lundwall', 'Sweden', 'SwedishCubeDay2008', '234', 'f', '1', 10691, 0, 0, 0, 0, 10691, 0, '', ''),
(10034, 6, '2003VAND01', 'Lars Vandenbergh', 'Belgium', 'SwedishCubeDay2008', '234', 'f', '1', 12597, 0, 0, 0, 0, 12597, 0, 'NR', ''),
(10035, 7, '2007KRIS01', 'Tomas Kristiansson', 'Sweden', 'SwedishCubeDay2008', '234', 'f', '1', 14368, 0, 0, 0, 0, 14368, 0, '', ''),
(10036, 8, '2006JOHA01', 'Erik Johansson', 'Sweden', 'SwedishCubeDay2008', '234', 'f', '1', 15736, 0, 0, 0, 0, 15736, 0, '', ''),
(10037, 9, '2005ASPE01', 'Lennart Aspelin', 'Sweden', 'SwedishCubeDay2008', '234', 'f', '1', 20980, 0, 0, 0, 0, 20980, 0, '', ''),
(10038, 10, '2007CLAE02', 'Marlene Claesson', 'Sweden', 'SwedishCubeDay2008', '234', 'f', '1', 25875, 0, 0, 0, 0, 25875, 0, '', ''),
(10039, 11, '2006ASPE01', 'Malin Aspelin', 'Sweden', 'SwedishCubeDay2008', '234', 'f', '1', 30372, 0, 0, 0, 0, 30372, 0, '', ''),
(10040, 1, '2007HOLM02', 'Tommy Holm', 'Sweden', 'SwedishCubeDay2008', 'snake', 'f', 'a', 293, 315, 503, 586, 294, 293, 371, 'NR', 'NR'),
(10041, 2, '2005GUST01', 'Kenneth Gustavsson', 'Sweden', 'SwedishCubeDay2008', 'snake', 'f', 'a', 469, -1, 358, 441, 443, 358, 451, '', ''),
(10042, 3, '2009SERT01', 'Kadir Sertcanli', 'Sweden', 'SwedishCubeDay2008', 'snake', 'f', 'a', 469, 494, 497, 543, 521, 469, 504, '', ''),
(10043, 4, '2008RUND01', 'Johannes Rundberg', 'Sweden', 'SwedishCubeDay2008', 'snake', 'f', 'a', 669, 566, 577, 2018, 665, 566, 637, '', ''),
(10044, 5, '2007CLAE02', 'Marlene Claesson', 'Sweden', 'SwedishCubeDay2008', 'snake', 'f', 'a', 613, 1003, 1019, 747, 894, 613, 881, '', ''),
(10045, 6, '2008NORD01', 'Tommy Nordlander', 'Sweden', 'SwedishCubeDay2008', 'snake', 'f', 'a', 981, 738, 946, -1, 715, 715, 888, '', ''),
(10046, 7, '2007RUND01', 'Jonas Rundberg', 'Sweden', 'SwedishCubeDay2008', 'snake', 'f', 'a', 815, 940, 984, 628, 1971, 628, 913, '', ''),
(10047, 8, '2008LUND04', 'Mattias Lundberg', 'Sweden', 'SwedishCubeDay2008', 'snake', 'f', 'a', 1841, 1155, 1178, 1428, -1, 1155, 1482, '', ''),
(10048, 9, '2008RUND02', 'Oscar Rundberg', 'Sweden', 'SwedishCubeDay2008', 'snake', 'f', 'a', 1436, 1424, 1519, 1536, 1521, 1424, 1492, '', ''),
(10049, 10, '2005GUST02', 'Tommy Gustavsson', 'Sweden', 'SwedishCubeDay2008', 'snake', 'f', 'a', 2656, 2634, 1652, 5602, 4963, 1652, 3418, '', ''),
(10050, 11, '2007KOLL01', 'Mats Kollbrink', 'Sweden', 'SwedishCubeDay2008', 'snake', 'f', 'a', 7519, 5038, 2402, 2563, 4147, 2402, 3916, '', ''),
(10051, 12, '2007HOLM01', 'Johan Holmedahl', 'Sweden', 'SwedishCubeDay2008', 'snake', 'f', 'a', 1719, -1, 984, 1890, -1, 984, -1, '', ''),
(10052, 1, '2008HASH02', 'Wataru Hashimura', 'Japan', 'KanazawaOpen2008', 'mirbl', 'f', 'a', 3209, 3066, 2577, 2721, 2591, 2577, 2793, '', 'WR'),
(10053, 2, '2008MATS02', 'Daiki Matsumoto', 'Japan', 'KanazawaOpen2008', 'mirbl', 'f', 'a', 3490, 3047, 3161, 2630, 4841, 2630, 3233, '', ''),
(10054, 3, '2006ARAK01', 'Sinpei Araki', 'Japan', 'KanazawaOpen2008', 'mirbl', 'f', 'a', 3988, 4241, 3808, 3650, 9033, 3650, 4012, '', ''),
(10055, 1, '2008HASH02', 'Wataru Hashimura', 'Japan', 'KanazawaOpen2008', 'mirbl', '1', '2', 2891, 2440, 0, 0, 0, 2440, 0, 'WR', ''),
(10056, 2, '2008MATS02', 'Daiki Matsumoto', 'Japan', 'KanazawaOpen2008', 'mirbl', '1', '2', 3956, 3459, 0, 0, 0, 3459, 0, '', ''),
(10057, 3, '2006ARAK01', 'Sinpei Araki', 'Japan', 'KanazawaOpen2008', 'mirbl', '1', '2', -1, 4646, 0, 0, 0, 4646, 0, '', ''),
(10058, 4, '2005KOSE01', 'Fumiki Koseki', 'Japan', 'KanazawaOpen2008', 'mirbl', '1', '2', 8321, 6763, 0, 0, 0, 6763, 0, '', ''),
(10059, 5, '2007SUGA01', 'Nobuaki Suga', 'Japan', 'KanazawaOpen2008', 'mirbl', '1', '2', 8094, 6768, 0, 0, 0, 6768, 0, '', ''),
(10060, 6, '2007DAID01', 'Masahiro Daidai', 'Japan', 'KanazawaOpen2008', 'mirbl', '1', '2', 11418, 7162, 0, 0, 0, 7162, 0, '', ''),
(10061, 7, '2008OMYO01', 'Sanae Koseki', 'Japan', 'KanazawaOpen2008', 'mirbl', '1', '2', 17418, 16896, 0, 0, 0, 16896, 0, '', ''),
(10062, 1, '2004CHAM01', 'Edouard Chambon', 'France', 'ClermontOpen2008', '333ni', 'f', 'a', 1316, 1641, 1486, 1294, 1728, 1294, 1481, 'WR', 'WR'),
(10063, 2, '2008HANK01', 'Kanneti Sae Han', 'Thailand', 'ClermontOpen2008', '333ni', 'f', 'a', 2225, 1886, 1944, 1815, 1877, 1815, 1902, 'AsR', 'AsR'),
(10064, 3, '2004GALL02', 'Clément Gallet', 'France', 'ClermontOpen2008', '333ni', 'f', 'a', 2331, 2052, 1890, 2208, 2562, 1890, 2197, '', ''),
(10065, 4, '2007LEMO01', 'Laetitia Lemoine', 'France', 'ClermontOpen2008', '333ni', 'f', 'a', 3022, 2325, 2365, 2421, 2932, 2325, 2573, '', ''),
(10066, 5, '2008LAUR01', 'Mario Laurent', 'France', 'ClermontOpen2008', '333ni', 'f', 'a', 2528, 2618, 2816, 2606, 2130, 2130, 2584, '', ''),
(10067, 6, '2007PLAN01', 'Alexis Plantin', 'France', 'ClermontOpen2008', '333ni', 'f', 'a', 3671, 2797, 2161, 2680, 2725, 2161, 2734, '', ''),
(10068, 7, '2008RAYN01', 'Pierre Raynal', 'France', 'ClermontOpen2008', '333ni', 'f', 'a', 2515, 2296, 2858, 2930, 2980, 2296, 2768, '', ''),
(10069, 8, '2007DJIA01', 'Samuel Djian', 'France', 'ClermontOpen2008', '333ni', 'f', 'a', 2563, 4702, 3041, 2746, 3089, 2563, 2959, '', ''),
(10070, 9, '2007DESM01', 'Marlène Desmaisons', 'France', 'ClermontOpen2008', '333ni', 'f', 'a', 2658, 2590, 2850, 3546, 3588, 2590, 3018, '', ''),
(10071, 10, '2008GYAN01', 'Jason Gyani', 'United Kingdom', 'ClermontOpen2008', '333ni', 'f', 'a', 2886, 3538, 3263, 4991, 2927, 2886, 3243, '', ''),
(10072, 11, '2008COUR01', 'François Courtès', 'France', 'ClermontOpen2008', '333ni', 'f', 'a', 3631, 3290, 2786, 3644, 3218, 2786, 3380, '', ''),
(10073, 12, '2008LEME01', 'Pierre Lemerle', 'France', 'ClermontOpen2008', '333ni', 'f', 'a', 3597, 4091, 3847, 3991, 4005, 3597, 3948, '', ''),
(10376, 11, '2008PROV01', 'Anja Provoost', 'Netherlands', 'AachenOpen2010', '360', 'f', '2', 30528, 37065, 0, 0, 0, 30528, 0, '', ''),
(10375, 10, '2010HARS01', 'Felix Harst', 'Germany', 'AachenOpen2010', '360', 'f', '2', 23633, 38061, 0, 0, 0, 23633, 0, '', ''),
(10374, 9, '2006PIRZ01', 'Markus Pirzer', 'Germany', 'AachenOpen2010', '360', 'f', '2', 42972, 20706, 0, 0, 0, 20706, 0, '', ''),
(10373, 8, '2009PAES01', 'Caroline Paeßens', 'Germany', 'AachenOpen2010', '360', 'f', '2', 16903, 26306, 0, 0, 0, 16903, 0, '', ''),
(10372, 7, '2007ORTR01', 'Raffael Ort', 'Germany', 'AachenOpen2010', '360', 'f', '2', 11418, 17977, 0, 0, 0, 11418, 0, '', ''),
(10371, 6, '2010DAOV01', 'Huy Dao', 'Germany', 'AachenOpen2010', '360', 'f', '2', 11568, 11044, 0, 0, 0, 11044, 0, '', ''),
(10370, 5, '2008BLOH02', 'Robin Blöhm', 'Germany', 'AachenOpen2010', '360', 'f', '2', 8440, -1, 0, 0, 0, 8440, 0, '', ''),
(10369, 4, '2009FRAN01', 'Daniel Franzen', 'Germany', 'AachenOpen2010', '360', 'f', '2', 8528, 7205, 0, 0, 0, 7205, 0, '', ''),
(10368, 3, '2008ZIMM01', 'Monika Zimmermann', 'Germany', 'AachenOpen2010', '360', 'f', '2', 6480, -1, 0, 0, 0, 6480, 0, '', ''),
(10367, 2, '2009JACK01', 'Sebastian Jack', 'Germany', 'AachenOpen2010', '360', 'f', '2', 5397, 4502, 0, 0, 0, 4502, 0, 'NR', ''),
(10118, 1, '2005GUST01', 'Kenneth Gustavsson', 'Sweden', 'SandoOpen2009', 'snake', 'f', 'a', 508, 456, 466, 602, 519, 456, 498, '', ''),
(10119, 2, '2003LARS01', 'Anders Larsson', 'Sweden', 'SandoOpen2009', 'snake', 'f', 'a', 725, 1211, 825, 796, 1021, 725, 881, '', ''),
(10120, 3, '2008NORD01', 'Tommy Nordlander', 'Sweden', 'SandoOpen2009', 'snake', 'f', 'a', 915, 1268, 858, -1, 713, 713, 1014, '', ''),
(10121, 4, '2008MOSS01', 'Jonatan Mossegård', 'Sweden', 'SandoOpen2009', 'snake', 'f', 'a', 1315, 1528, 1144, 1405, 1146, 1144, 1289, '', ''),
(10122, 5, '2009BRUD01', 'Per Brudsten', 'Sweden', 'SandoOpen2009', 'snake', 'f', 'a', 1200, 2140, 2119, 1480, 1097, 1097, 1600, '', ''),
(10123, 6, '2005GUST02', 'Tommy Gustavsson', 'Sweden', 'SandoOpen2009', 'snake', 'f', 'a', 1044, 1883, -1, 1380, 1734, 1044, 1666, '', ''),
(10124, 7, '2009AXEL02', 'Tore Axelsson', 'Sweden', 'SandoOpen2009', 'snake', 'f', 'a', 8008, 4569, 3121, 4284, 5618, 3121, 4824, '', ''),
(10125, 8, '2007HOLM02', 'Tommy Holm', 'Sweden', 'SandoOpen2009', 'snake', 'f', 'a', 415, 356, 405, -1, -1, 356, -1, '', ''),
(10366, 1, '2007PROV01', 'Frank Provoost', 'Netherlands', 'AachenOpen2010', '360', 'f', '2', 4677, 4247, 0, 0, 0, 4247, 0, 'NR', ''),
(10365, 12, '2009RUFF01', 'Arthur Ruffie', 'France', 'ClermontOpen2009', '333ni', 'f', 'a', 5897, 5763, 6896, 4655, 6178, 4655, 5946, '', ''),
(10364, 11, '2009KOUR01', 'Mickaël Kourganoff', 'France', 'ClermontOpen2009', '333ni', 'f', 'a', 6746, 5928, 4815, 5061, 7211, 4815, 5912, '', ''),
(10363, 10, '2009DEBL01', 'Adrien Debly', 'France', 'ClermontOpen2009', '333ni', 'f', 'a', 6271, 5638, 5647, 8444, 5803, 5638, 5907, '', ''),
(10362, 9, '2009RUFF02', 'Lucie Ruffie', 'France', 'ClermontOpen2009', '333ni', 'f', 'a', 4338, 5111, 3866, 7971, 4796, 3866, 4748, '', ''),
(10361, 8, '2009PETI01', 'Loïc Petit', 'France', 'ClermontOpen2009', '333ni', 'f', 'a', 2641, 2669, 2878, 2397, 2946, 2397, 2729, '', ''),
(10360, 7, '2008GYAN01', 'Jason Gyani', 'United Kingdom', 'ClermontOpen2009', '333ni', 'f', 'a', 2630, 2721, 2765, 2397, 2266, 2266, 2583, '', ''),
(10359, 6, '2004GALL02', 'Clément Gallet', 'France', 'ClermontOpen2009', '333ni', 'f', 'a', 2763, 2003, 2646, 2794, 2109, 2003, 2506, '', ''),
(10358, 5, '2007LEMO01', 'Laetitia Lemoine', 'France', 'ClermontOpen2009', '333ni', 'f', 'a', 2466, 2636, 2100, 2671, 2213, 2100, 2438, '', ''),
(10357, 4, '2008LEME01', 'Pierre Lemerle', 'France', 'ClermontOpen2009', '333ni', 'f', 'a', 1891, 2428, 2596, 2343, 2031, 1891, 2267, '', ''),
(10354, 1, '2008HANK01', 'Kanneti Sae Han', 'France', 'ClermontOpen2009', '333ni', 'f', 'a', 1515, 2305, 1713, 1558, 1471, 1471, 1595, '', ''),
(10355, 2, '2008LAUR01', 'Mario Laurent', 'France', 'ClermontOpen2009', '333ni', 'f', 'a', 1669, 2168, 1846, 1983, 1934, 1669, 1921, '', ''),
(10356, 3, '2008VIRO01', 'Philippe Virouleau', 'France', 'ClermontOpen2009', '333ni', 'f', 'a', 1638, 2056, 2203, 1881, 1966, 1638, 1968, '', ''),
(10157, 1, '2008HANK01', 'Kanneti Sae Han', 'Thailand', 'BelgianOpen2009', 'snake', 'f', 'a', 858, -1, 1059, 925, 580, 580, 947, 'AsR', 'AsR'),
(10158, 2, '2008COUR01', 'François Courtès', 'France', 'BelgianOpen2009', 'snake', 'f', 'a', 1686, 1488, 2228, 1622, 1975, 1488, 1761, '', ''),
(10159, 3, '2007DUSS01', 'Gaël Dusser', 'France', 'BelgianOpen2009', 'snake', 'f', 'a', 993, 1346, -1, 1361, 2722, 993, 1810, '', ''),
(10160, 4, '2007LEMO01', 'Laetitia Lemoine', 'France', 'BelgianOpen2009', 'snake', 'f', 'a', 2800, 6402, 2351, 3988, 2543, 2351, 3110, '', ''),
(10161, 1, '2007POLS01', 'Olivier Polspoel', 'Belgium', 'BelgianOpen2009', 'magccc', 'f', 'a', 1036, 905, 1027, 983, 3038, 905, 1015, 'WR', 'WR'),
(10162, 2, '2004GALL02', 'Clément Gallet', 'France', 'BelgianOpen2009', 'magccc', 'f', 'a', 1686, 1488, 2228, 1622, 1975, 1488, 1761, 'NR', 'NR'),
(10163, 1, '2007POLS01', 'Olivier Polspoel', 'Belgium', 'BelgianOpen2009', 'magicb', 'f', 'a', 2246, 1484, 1433, 1415, 1950, 1415, 1622, 'NR', 'WR'),
(10164, 2, '2004GALL02', 'Clément Gallet', 'France', 'BelgianOpen2009', 'magicb', 'f', 'a', 1984, 1343, 1690, 2281, 1400, 1343, 1691, 'WR', 'NR'),
(10165, 1, '2007POLS01', 'Olivier Polspoel', 'Belgium', 'BelgianOpen2009', 'magicc', 'f', 'a', 1058, 959, 1040, 953, 1140, 953, 1019, 'WR', 'WR'),
(10166, 2, '2008POTR01', 'Guillain Potron', 'France', 'BelgianOpen2009', 'magicc', 'f', 'a', 1719, 1516, 6280, 1955, 1730, 1516, 1801, 'NR', 'NR'),
(10167, 3, '2004GALL02', 'Clément Gallet', 'France', 'BelgianOpen2009', 'magicc', 'f', 'a', 3068, -1, 2105, 3327, 2741, 2105, 3045, '', ''),
(10168, 1, '2007HASH01', 'Takao Hashimoto', 'Japan', 'TwinCities2009', 'sq1bf', 'f', '1', -1, 0, 0, 0, 0, -1, 0, '', ''),
(10169, 1, '2003RUET01', 'Jake Rueth', 'USA', 'TwinCities2009', 'skewb', 'f', 'm', 2327, 1853, 1428, 0, 0, 1428, 1869, '', ''),
(10170, 2, '2006NORS01', 'Bruce Norskog', 'USA', 'TwinCities2009', 'skewb', 'f', 'm', 2375, 3294, 3075, 0, 0, 2375, 2915, '', ''),
(10171, 3, '2008JOHN02', 'Eric Johnson', 'USA', 'TwinCities2009', 'skewb', 'f', 'm', 3302, 3891, 1921, 0, 0, 1921, 3038, '', ''),
(10172, 4, '2008CHRI01', 'Leo Christopoulos', 'USA', 'TwinCities2009', 'skewb', 'f', 'm', 2518, 4186, 4641, 0, 0, 2518, 3782, '', ''),
(10173, 5, '2007ANDE01', 'Paul Anderson', 'USA', 'TwinCities2009', 'skewb', 'f', 'm', 6175, 6125, 4161, 0, 0, 4161, 5487, '', ''),
(10174, 1, '2005ANGO01', 'Carlos Angosto Hernández', 'Spain', 'MurciaOpen2009', 'mirbbf', 'f', '2', 30530, 16104, 0, 0, 0, 16104, 0, 'WR', ''),
(10175, 2, '2005PARI01', 'Javier París', 'Spain', 'MurciaOpen2009', 'mirbbf', 'f', '2', 26164, 29692, 0, 0, 0, 26164, 0, '', ''),
(10176, 3, '2005TOLE01', 'Alexandre Toledo Guillén', 'Spain', 'MurciaOpen2009', 'mirbbf', 'f', '2', -1, 78900, 0, 0, 0, 78900, 0, '', ''),
(10177, 1, '2007HOLM02', 'Tommy Holm', 'Sweden', 'HelsinkiOpen2009', 'snake', 'f', 'a', 325, 816, 396, 422, 369, 325, 396, '', ''),
(10178, 2, '2007TIIN01', 'Teemu Tiinanen', 'Finland', 'HelsinkiOpen2009', 'snake', 'f', 'a', 341, 415, 358, -1, 500, 341, 424, '', ''),
(10179, 3, '2005GUST01', 'Kenneth Gustavsson', 'Sweden', 'HelsinkiOpen2009', 'snake', 'f', 'a', 550, 597, 522, 655, 502, 502, 556, '', ''),
(10180, 4, '2008JUKK01', 'Konsta Jukka', 'Finland', 'HelsinkiOpen2009', 'snake', 'f', 'a', 655, 543, 646, 688, 811, 543, 663, '', ''),
(10181, 5, '2007PYSS01', 'Okko Pyssysalo', 'Finland', 'HelsinkiOpen2009', 'snake', 'f', 'a', 621, 809, 590, 718, 1169, 590, 716, '', ''),
(10182, 6, '2007HELL01', 'Otto von Hellens', 'Finland', 'HelsinkiOpen2009', 'snake', 'f', 'a', -1, 778, 730, 781, 702, 702, 763, '', ''),
(10183, 7, '2005GUST02', 'Tommy Gustavsson', 'Sweden', 'HelsinkiOpen2009', 'snake', 'f', 'a', 1659, -1, 2040, 1522, 1663, 1522, 1787, '', ''),
(10184, 1, '2008HASH02', 'Wataru Hashimura', 'Japan', 'OsakaOpen2009', 'mirbl', 'f', 'a', 2681, 2093, 2746, 2381, 2618, 2093, 2560, 'WR', 'WR'),
(10185, 2, '2008TOMI01', 'Takahiro Tomisawa', 'Japan', 'OsakaOpen2009', 'mirbl', 'f', 'a', 5043, 3852, 5621, 4669, 4275, 3852, 4662, '', ''),
(10186, 3, '2007KIUC01', 'Yuuji Kiuchi', 'Japan', 'OsakaOpen2009', 'mirbl', 'f', 'a', 9515, 6503, 8053, 8252, 6868, 6503, 7724, '', ''),
(10187, 4, '2008SAJI01', 'Yu Sajima', 'Japan', 'OsakaOpen2009', 'mirbl', 'f', 'a', 8511, 9488, 7550, 7777, 8436, 7550, 8241, '', '');
INSERT INTO `Results` (`id`, `pos`, `personId`, `personName`, `countryId`, `competitionId`, `eventId`, `roundId`, `formatId`, `value1`, `value2`, `value3`, `value4`, `value5`, `best`, `average`, `regionalSingleRecord`, `regionalAverageRecord`) VALUES
(10188, 5, '2008SUGI01', 'Taki Sugimoto', 'Japan', 'OsakaOpen2009', 'mirbl', 'f', 'a', 13669, 10291, 12934, 12352, 12280, 10291, 12522, '', ''),
(10189, 1, '2007HOLM02', 'Tommy Holm', 'Sweden', 'VasterasOpen2009', 'snake', 'f', 'a', 422, 300, -1, 405, 293, 293, 376, 'NR', ''),
(10190, 2, '2005GUST01', 'Kenneth Gustavsson', 'Sweden', 'VasterasOpen2009', 'snake', 'f', 'a', 458, 480, 441, 615, 500, 441, 479, '', ''),
(10191, 3, '2008RUND01', 'Johannes Rundberg', 'Sweden', 'VasterasOpen2009', 'snake', 'f', 'a', 486, 771, 571, 658, 509, 486, 579, '', ''),
(10192, 4, '2009BLOM01', 'Oskar Johansson Blom', 'Sweden', 'VasterasOpen2009', 'snake', 'f', 'a', 822, 575, 741, 508, 413, 413, 608, '', ''),
(10193, 5, '2009SERT01', 'Kadir Sertcanli', 'Sweden', 'VasterasOpen2009', 'snake', 'f', 'a', 966, 393, 491, 1425, 333, 333, 617, '', ''),
(10194, 1, '2007LUND01', 'Daniel Lundwall', 'Sweden', 'VasterasOpen2009', '333ni', 'f', 'a', 1691, 2230, 2100, 1683, 1796, 1683, 1862, '', ''),
(10195, 2, '2007CLAE03', 'Mattias Claesson', 'Sweden', 'VasterasOpen2009', '333ni', 'f', 'a', 2022, 2077, 1818, 1825, 1706, 1706, 1888, '', ''),
(10196, 3, '2007CLAE01', 'Magnus Claesson', 'Sweden', 'VasterasOpen2009', '333ni', 'f', 'a', 1897, 2493, 2122, 2215, 2577, 1897, 2277, '', ''),
(10197, 4, '2004HERM01', 'Daniel Hermansson', 'Sweden', 'VasterasOpen2009', '333ni', 'f', 'a', 2284, 2269, 2596, 2950, 2606, 2269, 2495, '', ''),
(10198, 5, '2009MORI01', 'Max Morin', 'Sweden', 'VasterasOpen2009', '333ni', 'f', 'a', 2605, 2740, 2980, 2653, 3022, 2605, 2791, '', ''),
(10199, 6, '2009ANDE02', 'Oliver Andersson', 'Sweden', 'VasterasOpen2009', '333ni', 'f', 'a', 2481, 3061, 2968, -1, 2696, 2481, 2908, '', ''),
(10200, 7, '2007HOLM02', 'Tommy Holm', 'Sweden', 'VasterasOpen2009', '333ni', 'f', 'a', 2894, 2721, 2468, 3256, 3158, 2468, 2924, '', ''),
(10201, 8, '2009OLOF01', 'Hans Olofsson', 'Sweden', 'VasterasOpen2009', '333ni', 'f', 'a', 3075, -1, 2875, 3094, 2809, 2809, 3015, '', ''),
(10202, 9, '2008LIDS01', 'Stefan Lidström', 'Sweden', 'VasterasOpen2009', '333ni', 'f', 'a', 3519, 3161, 3008, -1, 3013, 3008, 3231, '', ''),
(10203, 10, '2009KARL02', 'Max Karlsson', 'Sweden', 'VasterasOpen2009', '333ni', 'f', 'a', 2683, 3546, 4402, 4155, 3141, 2683, 3614, '', ''),
(10204, 11, '2009BERG01', 'Erik Bergman', 'Sweden', 'VasterasOpen2009', '333ni', 'f', 'a', 3644, 3533, 3983, 3681, 4396, 3533, 3769, '', ''),
(10205, 12, '2007BERG01', 'David Bergling', 'Sweden', 'VasterasOpen2009', '333ni', 'f', 'a', 3747, 3800, 4222, 3102, 3940, 3102, 3829, '', ''),
(10206, 13, '2009SERT01', 'Kadir Sertcanli', 'Sweden', 'VasterasOpen2009', '333ni', 'f', 'a', 4222, 4034, 3633, 3338, 4980, 3338, 3963, '', ''),
(10207, 14, '2005GUST01', 'Kenneth Gustavsson', 'Sweden', 'VasterasOpen2009', '333ni', 'f', 'a', 3891, 4402, 3847, 3661, 4224, 3661, 3987, '', ''),
(10208, 15, '2007MOLI01', 'Annica Molin', 'Sweden', 'VasterasOpen2009', '333ni', 'f', 'a', 5255, 3808, 4222, 3616, 4230, 3616, 4087, '', ''),
(10209, 16, '2003LARS01', 'Anders Larsson', 'Sweden', 'VasterasOpen2009', '333ni', 'f', 'a', 4155, 4165, 5071, 4409, 4609, 4155, 4394, '', ''),
(10210, 17, '2009ANDE03', 'Jonas Andersson 2', 'Sweden', 'VasterasOpen2009', '333ni', 'f', 'a', 5202, 4900, 4565, 5183, -1, 4565, 5095, '', ''),
(10211, 18, '2009HAMZ01', 'Almira Hamzic', 'Sweden', 'VasterasOpen2009', '333ni', 'f', 'a', 8656, 7572, 6672, 6258, 6090, 6090, 6834, '', ''),
(10212, 19, '2009JUHL01', 'Joakim Juhlin', 'Sweden', 'VasterasOpen2009', '333ni', 'f', 'a', 7290, 7831, -1, 6818, 6171, 6171, 7313, '', ''),
(10238, 6, '2007COOP01', 'Charlie Cooper', 'United Kingdom', 'UKMasters2009', '3sc', 'f', '1', 15794, 0, 0, 0, 0, 15794, 0, '', ''),
(10237, 5, '2008WRIG02', 'Jude Wright', 'United Kingdom', 'UKMasters2009', '3sc', 'f', '1', 15194, 0, 0, 0, 0, 15194, 0, '', ''),
(10233, 1, '2007NESS01', 'Christopher Ness', 'United Kingdom', 'UKMasters2009', '3sc', 'f', '1', 6550, 0, 0, 0, 0, 6550, 0, 'WR', ''),
(10234, 2, '2009YAUR01', 'Robert Yau', 'United Kingdom', 'UKMasters2009', '3sc', 'f', '1', 10669, 0, 0, 0, 0, 10669, 0, '', ''),
(10235, 3, '2009KENT01', 'Tan Wei Ken', 'Malaysia', 'UKMasters2009', '3sc', 'f', '1', 14108, 0, 0, 0, 0, 14108, 0, 'AsR', ''),
(10236, 4, '2007PERG01', 'Olivér Perge', 'Hungary', 'UKMasters2009', '3sc', 'f', '1', 14718, 0, 0, 0, 0, 14718, 0, 'NR', ''),
(10247, 15, '2003VAND01', 'Lars Vandenbergh', 'Belgium', 'UKMasters2009', '3sc', 'f', '1', 46629, 0, 0, 0, 0, 46629, 0, 'NR', ''),
(10246, 14, '2008MCKE01', 'Richard McKearney', 'United Kingdom', 'UKMasters2009', '3sc', 'f', '1', 46160, 0, 0, 0, 0, 46160, 0, '', ''),
(10245, 13, '2008COUR01', 'François Courtès', 'France', 'UKMasters2009', '3sc', 'f', '1', 33047, 0, 0, 0, 0, 33047, 0, 'NR', ''),
(10244, 12, '2008ERSK01', 'Michael Erskine', 'United Kingdom', 'UKMasters2009', '3sc', 'f', '1', 31265, 0, 0, 0, 0, 31265, 0, '', ''),
(10243, 11, '2008WILL03', 'Adam Wills', 'United Kingdom', 'UKMasters2009', '3sc', 'f', '1', 29160, 0, 0, 0, 0, 29160, 0, '', ''),
(10242, 10, '2006AUST01', 'Greg Austin', 'United Kingdom', 'UKMasters2009', '3sc', 'f', '1', 21346, 0, 0, 0, 0, 21346, 0, '', ''),
(10241, 9, '2009WHIT01', 'Ben Whitmore', 'United Kingdom', 'UKMasters2009', '3sc', 'f', '1', 19675, 0, 0, 0, 0, 19675, 0, '', ''),
(10240, 8, '2003BRUC01', 'Ron van Bruchem', 'Netherlands', 'UKMasters2009', '3sc', 'f', '1', 18380, 0, 0, 0, 0, 18380, 0, 'NR', ''),
(10239, 7, '2009HARP01', 'Peter Harpham', 'United Kingdom', 'UKMasters2009', '3sc', 'f', '1', 17821, 0, 0, 0, 0, 17821, 0, '', ''),
(10248, 16, '2006GALE01', 'Arnaud van Galen', 'Netherlands', 'UKMasters2009', '3sc', 'f', '1', -1, 0, 0, 0, 0, -1, 0, '', ''),
(10249, 16, '2009POWE04', 'Thom Power', 'United Kingdom', 'UKMasters2009', '3sc', 'f', '1', -1, 0, 0, 0, 0, -1, 0, '', ''),
(10250, 16, '2009LUDL02', 'James Dean Ludlow', 'United Kingdom', 'UKMasters2009', '3sc', 'f', '1', -1, 0, 0, 0, 0, -1, 0, '', ''),
(10251, 16, '2009LUDL01', 'Brett Ludlow', 'United Kingdom', 'UKMasters2009', '3sc', 'f', '1', -1, 0, 0, 0, 0, -1, 0, '', ''),
(10252, 16, '2007GOUL01', 'Joey Gouly', 'United Kingdom', 'UKMasters2009', '3sc', 'f', '1', -1, 0, 0, 0, 0, -1, 0, '', ''),
(10253, 1, '2007HASH01', 'Takao Hashimoto', 'Japan', 'AuroraSummer2009', 'sq1bf', 'f', '1', 124700, 0, 0, 0, 0, 124700, 0, 'WR', ''),
(10254, 1, '2007HASH01', 'Takao Hashimoto', 'Japan', 'HoustonOpen2009', 'sq1bf', 'f', '1', 188800, 0, 0, 0, 0, 188800, 0, '', ''),
(10255, 1, '2007PERD01', 'Antoine Perdereau', 'France', 'DauphineOpen2009', '360', 'f', '1', 8490, 0, 0, 0, 0, 8490, 0, 'WR', ''),
(10256, 2, '2007DUSS01', 'Gaël Dusser', 'France', 'DauphineOpen2009', '360', 'f', '1', 12720, 0, 0, 0, 0, 12720, 0, '', ''),
(10257, 3, '2004GALL02', 'Clément Gallet', 'France', 'DauphineOpen2009', '360', 'f', '1', 32830, 0, 0, 0, 0, 32830, 0, '', ''),
(10258, 4, '2008POTR01', 'Guillain Potron', 'France', 'DauphineOpen2009', '360', 'f', '1', 76000, 0, 0, 0, 0, 76000, 0, '', ''),
(10327, 31, '2009MUKD01', 'Pitsanu Mukdaprakorn', 'Thailand', 'WC2009', '360', 'f', '1', 28600, 0, 0, 0, 0, 28600, 0, 'NR', ''),
(10326, 30, '2006PIRZ01', 'Markus Pirzer', 'Germany', 'WC2009', '360', 'f', '1', 27165, 0, 0, 0, 0, 27165, 0, '', ''),
(10325, 29, '2008OMYO01', 'Sanae Koseki', 'Japan', 'WC2009', '360', 'f', '1', 24596, 0, 0, 0, 0, 24596, 0, '', ''),
(10324, 28, '2008MORE02', 'Hippolyte Moreau', 'France', 'WC2009', '360', 'f', '1', 23013, 0, 0, 0, 0, 23013, 0, '', ''),
(10323, 27, '2007BERN01', 'Balázs Bernát', 'Hungary', 'WC2009', '360', 'f', '1', 20393, 0, 0, 0, 0, 20393, 0, '', ''),
(10322, 26, '2009BUIT01', 'Karsten Buitkamp', 'Germany', 'WC2009', '360', 'f', '1', 18031, 0, 0, 0, 0, 18031, 0, '', ''),
(10321, 25, '2007ORTR01', 'Raffael Ort', 'Germany', 'WC2009', '360', 'f', '1', 17708, 0, 0, 0, 0, 17708, 0, '', ''),
(10320, 24, '2006ORKE01', 'Róbert Örkényi', 'Hungary', 'WC2009', '360', 'f', '1', 16844, 0, 0, 0, 0, 16844, 0, '', ''),
(10319, 23, '2009BRUS01', 'Berit Brüster', 'Germany', 'WC2009', '360', 'f', '1', 16606, 0, 0, 0, 0, 16606, 0, '', ''),
(10318, 22, '2007VALK01', 'Mats Valk', 'Netherlands', 'WC2009', '360', 'f', '1', 15006, 0, 0, 0, 0, 15006, 0, '', ''),
(10317, 21, '2005KOSE01', 'Fumiki Koseki', 'Japan', 'WC2009', '360', 'f', '1', 13219, 0, 0, 0, 0, 13219, 0, '', ''),
(10316, 20, '2007PERD01', 'Antoine Perdereau', 'France', 'WC2009', '360', 'f', '1', 11865, 0, 0, 0, 0, 11865, 0, '', ''),
(10315, 19, '2005KOCZ01', 'István Kocza', 'Hungary', 'WC2009', '360', 'f', '1', 11703, 0, 0, 0, 0, 11703, 0, '', ''),
(10314, 18, '2005AKKE01', 'Erik Akkersdijk', 'Netherlands', 'WC2009', '360', 'f', '1', 11525, 0, 0, 0, 0, 11525, 0, '', ''),
(10313, 17, '2006MATH01', 'Jean-Louis Mathieu', 'France', 'WC2009', '360', 'f', '1', 11490, 0, 0, 0, 0, 11490, 0, '', ''),
(10312, 16, '2008MIHA01', 'Zalán Mihály', 'Hungary', 'WC2009', '360', 'f', '1', 10455, 0, 0, 0, 0, 10455, 0, '', ''),
(10311, 15, '2006NISH01', 'Kentaro Nishi', 'Japan', 'WC2009', '360', 'f', '1', 10050, 0, 0, 0, 0, 10050, 0, '', ''),
(10310, 14, '2007PROV01', 'Frank Provoost', 'Netherlands', 'WC2009', '360', 'f', '1', 9171, 0, 0, 0, 0, 9171, 0, 'NR', ''),
(10309, 13, '2005BATI01', 'Milán Baticz', 'Hungary', 'WC2009', '360', 'f', '1', 8515, 0, 0, 0, 0, 8515, 0, '', ''),
(10308, 12, '2009BRUN01', 'Benjamin Brundzats', 'Germany', 'WC2009', '360', 'f', '1', 8088, 0, 0, 0, 0, 8088, 0, '', ''),
(10307, 11, '2009BRIL01', 'Franz Jedo Penullar Brillo', 'Philippines', 'WC2009', '360', 'f', '1', 7378, 0, 0, 0, 0, 7378, 0, 'NR', ''),
(10306, 10, '2009SANT01', 'Simone Santarsiero', 'Italy', 'WC2009', '360', 'f', '1', 6890, 0, 0, 0, 0, 6890, 0, '', ''),
(10305, 9, '2008BLOH02', 'Robin Blöhm', 'Germany', 'WC2009', '360', 'f', '1', 6693, 0, 0, 0, 0, 6693, 0, '', ''),
(10304, 8, '2008ZIMM01', 'Monika Zimmermann', 'Germany', 'WC2009', '360', 'f', '1', 6419, 0, 0, 0, 0, 6419, 0, '', ''),
(10303, 7, '2003AKIM01', 'Masayuki Akimoto', 'Japan', 'WC2009', '360', 'f', '1', 5950, 0, 0, 0, 0, 5950, 0, 'AsR', ''),
(10302, 6, '2004NAGY01', 'Olivér Nagy', 'Hungary', 'WC2009', '360', 'f', '1', 5647, 0, 0, 0, 0, 5647, 0, '', ''),
(10301, 5, '2009JACK01', 'Sebastian Jack', 'Germany', 'WC2009', '360', 'f', '1', 5547, 0, 0, 0, 0, 5547, 0, 'NR', ''),
(10300, 4, '2008HEJJ01', 'Norbert Héjja', 'Hungary', 'WC2009', '360', 'f', '1', 5306, 0, 0, 0, 0, 5306, 0, 'NR', ''),
(10299, 3, '2008PADL01', 'Piotr Michal Padlewski', 'Poland', 'WC2009', '360', 'f', '1', 4356, 0, 0, 0, 0, 4356, 0, 'NR', ''),
(10298, 2, '2008SIMO02', 'Nicolò Simone', 'Italy', 'WC2009', '360', 'f', '1', 4052, 0, 0, 0, 0, 4052, 0, 'NR', ''),
(10297, 1, '2009SILV01', 'Martin Silvestri', 'Switzerland', 'WC2009', '360', 'f', '1', 3866, 0, 0, 0, 0, 3866, 0, 'WR', ''),
(10328, 32, '2008BARA01', 'Bence Barát', 'Hungary', 'WC2009', '360', 'f', '1', 46108, 0, 0, 0, 0, 46108, 0, '', ''),
(10329, 33, '2008PROV01', 'Anja Provoost', 'Netherlands', 'WC2009', '360', 'f', '1', 60000, 0, 0, 0, 0, 60000, 0, '', ''),
(10330, 34, '2003VAND01', 'Lars Vandenbergh', 'Belgium', 'WC2009', '360', 'f', '1', -1, 0, 0, 0, 0, -1, 0, '', ''),
(10331, 34, '2009PAES01', 'Caroline Paeßens', 'Germany', 'WC2009', '360', 'f', '1', -1, 0, 0, 0, 0, -1, 0, '', ''),
(10332, 34, '2008BERE01', 'Brúnó Bereczki', 'Hungary', 'WC2009', '360', 'f', '1', -1, 0, 0, 0, 0, -1, 0, '', ''),
(10333, 34, '2007CICH01', 'Lukasz Cichecki', 'Poland', 'WC2009', '360', 'f', '1', -1, 0, 0, 0, 0, -1, 0, '', ''),
(10334, 34, '2007COHE01', 'Dan Cohen', 'USA', 'WC2009', '360', 'f', '1', -1, 0, 0, 0, 0, -1, 0, '', ''),
(10335, 1, '2007POLS01', 'Olivier Polspoel', 'Belgium', 'BrusselsSummerOpen2009', 'magicc', 'f', 'a', 1253, 950, 805, 1136, 950, 805, 1012, 'WR', 'WR'),
(10336, 2, '2007PERD01', 'Antoine Perdereau', 'France', 'BrusselsSummerOpen2009', 'magicc', 'f', 'a', 1602, 1165, 1831, 1678, 1359, 1165, 1546, 'NR', 'NR'),
(10337, 3, '2008POTR01', 'Guillain Potron', 'France', 'BrusselsSummerOpen2009', 'magicc', 'f', 'a', 1750, 2333, 2808, 1569, 1566, 1566, 1884, '', ''),
(10338, 1, '2008POTR01', 'Guillain Potron', 'France', 'BrusselsSummerOpen2009', 'magccc', 'f', 'a', 666, 1331, 747, 680, 868, 666, 765, 'WR', 'WR'),
(10339, 2, '2007POLS01', 'Olivier Polspoel', 'Belgium', 'BrusselsSummerOpen2009', 'magccc', 'f', 'a', 783, 972, 746, 747, -1, 746, 834, 'NR', 'NR'),
(10340, 3, '2007PERD01', 'Antoine Perdereau', 'France', 'BrusselsSummerOpen2009', 'magccc', 'f', 'a', 1088, 915, 1541, 1234, -1, 915, 1288, '', ''),
(10341, 1, '2007POLS01', 'Olivier Polspoel', 'Belgium', 'BrusselsSummerOpen2009', 'magicb', 'f', 'a', 1225, 1721, 1469, 1206, 1234, 1206, 1309, 'WR', 'WR'),
(10342, 2, '2007PERD01', 'Antoine Perdereau', 'France', 'BrusselsSummerOpen2009', 'magicb', 'f', 'a', 1922, 1578, 2041, 1477, 1555, 1477, 1685, '', 'NR'),
(10343, 1, '2007HASH01', 'Takao Hashimoto', 'Japan', 'UtahFall2009', 'sq1bf', 'f', '1', 97100, 0, 0, 0, 0, 97100, 0, 'WR', NULL),
(10344, 1, '2008SIMO02', 'Nicolò Simone', 'Italy', 'ObeiObeiOpen2009', '360', 'f', '2', 4061, 4266, 0, 0, 0, 4061, 0, '', ''),
(10345, 2, '2009BOSI01', 'Alberto Bosia', 'Italy', 'ObeiObeiOpen2009', '360', 'f', '2', 11056, 7008, 0, 0, 0, 7008, 0, '', ''),
(10346, 3, '2009SANT01', 'Simone Santarsiero', 'Italy', 'ObeiObeiOpen2009', '360', 'f', '2', 11347, 8781, 0, 0, 0, 8781, 0, '', ''),
(10347, 4, '2009ROTA01', 'Marco Rota', 'Italy', 'ObeiObeiOpen2009', '360', 'f', '2', 17665, 16816, 0, 0, 0, 16816, 0, '', ''),
(10348, 1, '2009SERT01', 'Kadir Sertcanli', 'Sweden', 'SwedishCubeDay2009', 'snake', 'f', 'a', 213, 913, 306, 280, 291, 213, 292, 'WR', 'WR'),
(10349, 2, '2007HOLM02', 'Tommy Holm', 'Sweden', 'SwedishCubeDay2009', 'snake', 'f', 'a', 524, 390, 386, 440, 321, 321, 405, '', ''),
(10350, 3, '2007TIIN01', 'Teemu Tiinanen', 'Finland', 'SwedishCubeDay2009', 'snake', 'f', 'a', 648, 444, 387, 525, 365, 365, 452, '', ''),
(10351, 4, '2008RUND01', 'Johannes Rundberg', 'Sweden', 'SwedishCubeDay2009', 'snake', 'f', 'a', 522, 711, 553, 578, 658, 522, 596, '', ''),
(10352, 5, '2009ZAND01', 'Timothy Zandelin', 'Sweden', 'SwedishCubeDay2009', 'snake', 'f', 'a', 725, 711, 1147, 733, 642, 642, 723, '', ''),
(10353, 6, '2005AKKE01', 'Erik Akkersdijk', 'Netherlands', 'SwedishCubeDay2009', 'snake', 'f', 'a', 1315, 1147, 990, 891, 901, 891, 1013, '', 'NR'),
(10377, 1, '2009SMIT05', 'Martin Smith', 'United Kingdom', 'UKOpen2009', '360', 'f', 'm', 4744, 4628, 3702, 0, 0, 3702, 4358, 'WR', 'WR'),
(10378, 2, '2007COOP01', 'Charlie Cooper', 'United Kingdom', 'UKOpen2009', '360', 'f', 'm', 9728, 12738, 9516, 0, 0, 9516, 10661, '', ''),
(10379, 3, '2009LUDL02', 'James Dean Ludlow', 'United Kingdom', 'UKOpen2009', '360', 'f', 'm', 18503, 16764, 9400, 0, 0, 9400, 14889, '', ''),
(10380, 4, '2009WHIT01', 'Ben Whitmore', 'United Kingdom', 'UKOpen2009', '360', 'f', 'm', 19063, 22325, 46959, 0, 0, 19063, 29449, '', ''),
(10381, 5, '2008DIX001', 'Emily Dixon', 'United Kingdom', 'UKOpen2009', '360', 'f', 'm', -1, 24731, -1, 0, 0, 24731, -1, '', ''),
(10382, 1, '2009BIRD01', 'Chris Bird', 'USA', 'StanfordSpring2010', 'skewb', 'f', 'a', 634, 1471, 2472, 1863, 1722, 634, 1685, 'WR', ''),
(10383, 2, '2009LEST01', 'Aaron Lester', 'USA', 'StanfordSpring2010', 'skewb', 'f', 'a', 3641, 1784, 4280, 2713, 5550, 1784, 3545, '', ''),
(10384, 3, '2006ADAM01', 'Arthur Adams', 'USA', 'StanfordSpring2010', 'skewb', 'f', 'a', 19427, 5821, 4603, -1, 7153, 4603, 10800, '', ''),
(10385, 4, '2006CORR01', 'Devin Corr-Robinett', 'USA', 'StanfordSpring2010', 'skewb', 'f', 'a', 11197, 14428, 3875, -1, 6933, 3875, 10853, '', ''),
(10386, 1, '2006BUUS01', 'Henrik Buus Aagaard', 'Denmark', 'SkarupSpring2010', '333r3', 'f', '1', 5475, 0, 0, 0, 0, 5475, 0, 'NR', ''),
(10387, 2, '2008ANDE02', 'Oscar Roth Andersen', 'Denmark', 'SkarupSpring2010', '333r3', 'f', '1', 6311, 0, 0, 0, 0, 6311, 0, '', ''),
(10388, 3, '2010THOM01', 'Mads Thomassen', 'Denmark', 'SkarupSpring2010', '333r3', 'f', '1', 7177, 0, 0, 0, 0, 7177, 0, '', ''),
(10389, 4, '2009SEVE01', 'Frank Severinsen', 'Denmark', 'SkarupSpring2010', '333r3', 'f', '1', 7208, 0, 0, 0, 0, 7208, 0, '', ''),
(10390, 5, '2007CHRI02', 'Mads Mohr Christensen', 'Denmark', 'SkarupSpring2010', '333r3', 'f', '1', 7334, 0, 0, 0, 0, 7334, 0, '', ''),
(10391, 6, '2010DYBD01', 'Andreas Dybdahl', 'Denmark', 'SkarupSpring2010', '333r3', 'f', '1', 8277, 0, 0, 0, 0, 8277, 0, '', ''),
(10392, 7, '2010BECK01', 'Karina Grandjean Beck', 'Denmark', 'SkarupSpring2010', '333r3', 'f', '1', 9127, 0, 0, 0, 0, 9127, 0, '', ''),
(10393, 8, '2010UNDE01', 'Mads Larsen Underbjerg', 'Denmark', 'SkarupSpring2010', '333r3', 'f', '1', 10928, 0, 0, 0, 0, 10928, 0, '', ''),
(10394, 9, '2006BUUS02', 'Kirstine Buus Aagaard', 'Denmark', 'SkarupSpring2010', '333r3', 'f', '1', 12030, 0, 0, 0, 0, 12030, 0, '', ''),
(10395, 10, '2009JENS03', 'Lennart Jensen', 'Denmark', 'SkarupSpring2010', '333r3', 'f', '1', 13275, 0, 0, 0, 0, 13275, 0, '', ''),
(10396, 11, '2009KRIS02', 'Martin Kristensen', 'Denmark', 'SkarupSpring2010', '333r3', 'f', '1', 15278, 0, 0, 0, 0, 15278, 0, '', ''),
(10397, 1, '2008BORU01', 'Holger Stadel Borum', 'Denmark', 'SkarupSpring2010', '333ni', 'f', 'a', 1808, 1791, 1869, 2102, 1825, 1791, 1834, '', ''),
(10398, 2, '2006BUUS01', 'Henrik Buus Aagaard', 'Denmark', 'SkarupSpring2010', '333ni', 'f', 'a', 2146, 1909, 2143, 1566, 1808, 1566, 1953, 'NR', ''),
(10399, 3, '2008ANDE02', 'Oscar Roth Andersen', 'Denmark', 'SkarupSpring2010', '333ni', 'f', 'a', 1859, 2118, 1843, 5963, 1902, 1843, 1960, '', ''),
(10400, 4, '2009SEVE01', 'Frank Severinsen', 'Denmark', 'SkarupSpring2010', '333ni', 'f', 'a', 2661, 2181, 1915, 1905, 2256, 1905, 2117, '', ''),
(10401, 5, '2010THOM01', 'Mads Thomassen', 'Denmark', 'SkarupSpring2010', '333ni', 'f', 'a', 2588, 2240, 3921, 2627, 2596, 2240, 2604, '', ''),
(10402, 6, '2007CHRI02', 'Mads Mohr Christensen', 'Denmark', 'SkarupSpring2010', '333ni', 'f', 'a', 2625, 2643, 3281, 2302, 2588, 2302, 2619, '', ''),
(10403, 7, '2010SHAP01', 'Jonathan Midjord Shapira', 'Denmark', 'SkarupSpring2010', '333ni', 'f', 'a', 4200, 2847, 2931, 3077, 3090, 2847, 3033, '', ''),
(10404, 8, '2010BECK01', 'Karina Grandjean Beck', 'Denmark', 'SkarupSpring2010', '333ni', 'f', 'a', 2600, 3233, 4458, 3034, 2988, 2600, 3085, '', ''),
(10405, 9, '2009JENS03', 'Lennart Jensen', 'Denmark', 'SkarupSpring2010', '333ni', 'f', 'a', 3252, 2984, 3825, -1, 3877, 2984, 3651, '', ''),
(10406, 10, '2010UNDE01', 'Mads Larsen Underbjerg', 'Denmark', 'SkarupSpring2010', '333ni', 'f', 'a', 5961, 4736, 2863, 3234, 3583, 2863, 3851, '', ''),
(10407, 11, '2006BUUS02', 'Kirstine Buus Aagaard', 'Denmark', 'SkarupSpring2010', '333ni', 'f', 'a', 4353, 5080, 4281, 3858, 3413, 3413, 4164, '', ''),
(10408, 12, '2010SVEN01', 'Kenneth Svendson', 'Denmark', 'SkarupSpring2010', '333ni', 'f', 'a', 3827, 4630, 4196, 3871, 4534, 3827, 4200, '', ''),
(10409, 13, '2009KRIS02', 'Martin Kristensen', 'Denmark', 'SkarupSpring2010', '333ni', 'f', 'a', 4122, 4344, 4388, 5388, 4065, 4065, 4285, '', ''),
(10410, 14, '2010JOHA02', 'Sebastian Johansen', 'Denmark', 'SkarupSpring2010', '333ni', 'f', 'a', 5928, 4850, 4308, 3906, 4459, 3906, 4539, '', ''),
(10411, 15, '2010DYBD01', 'Andreas Dybdahl', 'Denmark', 'SkarupSpring2010', '333ni', 'f', 'a', -1, 4400, 2625, 7236, 2663, 2625, 4766, '', ''),
(10412, 16, '2010KAMP02', 'Phillip Kampmann', 'Denmark', 'SkarupSpring2010', '333ni', 'f', 'a', 4197, 5181, -1, 5566, 4136, 4136, 4981, '', ''),
(10413, 17, '2010LARS03', 'Christoffer Larsen', 'Denmark', 'SkarupSpring2010', '333ni', 'f', 'a', 5931, 5243, 4646, 5950, 4409, 4409, 5273, '', ''),
(10414, 1, '2007HASH01', 'Takao Hashimoto', 'Japan', 'BerkeleySpring2010', 'sq1bf', 'f', '2', -1, 115500, 0, 0, 0, 115500, 0, '', ''),
(10457, 9, '2006PIRZ01', 'Markus Pirzer', 'Germany', 'VCUBESpiel2010', 'illus', 'f', 'a', 29166, 29953, 26322, 25886, 23890, 23890, 27125, '', ''),
(10456, 8, '2009KONI03', 'Felix König', 'Germany', 'VCUBESpiel2010', 'illus', 'f', 'a', 22991, 31843, -1, 24434, 17961, 17961, 26423, '', ''),
(10455, 7, '2009OHRN01', 'Laura Ohrndorf', 'Germany', 'VCUBESpiel2010', 'illus', 'f', 'a', 16147, 18441, 14463, -1, 22453, 14463, 19014, '', ''),
(10454, 6, '2009CHRI03', 'Nora Christ', 'Germany', 'VCUBESpiel2010', 'illus', 'f', 'a', 19065, 17759, 36234, 16622, 18015, 16622, 18280, '', ''),
(10453, 5, '2008AURO01', 'Sébastien Auroux', 'Germany', 'VCUBESpiel2010', 'illus', 'f', 'a', 13916, 12766, 16084, 13493, -1, 12766, 14498, 'NR', 'NR'),
(10452, 4, '2008CABA03', 'Jakub Cabaj', 'Poland', 'VCUBESpiel2010', 'illus', 'f', 'a', -1, 13025, 12397, 11608, 12815, 11608, 12746, '', ''),
(10451, 3, '2007CICH01', 'Lukasz Cichecki', 'Poland', 'VCUBESpiel2010', 'illus', 'f', 'a', -1, 13258, 12246, 11313, 10634, 10634, 12272, '', ''),
(10450, 2, '2005AKKE01', 'Erik Akkersdijk', 'Netherlands', 'VCUBESpiel2010', 'illus', 'f', 'a', -1, 15458, 12677, 11965, 10334, 10334, 13367, 'NR', 'NR'),
(10449, 1, '2006HALC01', 'Michal Halczuk', 'Poland', 'VCUBESpiel2010', 'illus', 'f', 'a', 7547, 7283, 7811, 7872, 7491, 7283, 7616, 'WR', 'WR'),
(10425, 1, '2009KORB02', 'Lasse Korbanka', 'Germany', 'MunichOpen2010', 'mstmo', 'c', 'm', 15168, 8153, -1, 0, 0, 8153, -1, 'WR', ''),
(10426, 2, '2006PIRZ01', 'Markus Pirzer', 'Germany', 'MunichOpen2010', 'mstmo', 'c', 'm', 12965, 11240, 12515, 0, 0, 11240, 12240, '', ''),
(10427, 3, '2010HUFN01', 'Tassilo Hufnagel', 'Germany', 'MunichOpen2010', 'mstmo', 'c', 'm', 13353, 17561, 13361, 0, 0, 13353, 14758, '', ''),
(10428, 4, '2008AURO01', 'Sébastien Auroux', 'Germany', 'MunichOpen2010', 'mstmo', 'c', 'm', 23243, 0, 0, 0, 0, 23243, 0, '', ''),
(10429, 5, '2009BALT02', 'Leandro Baltazar', 'Portugal', 'MunichOpen2010', 'mstmo', 'c', 'm', 27265, 0, 0, 0, 0, 27265, 0, 'NR', ''),
(10430, 6, '2009SPIE01', 'Niklas Spies', 'Germany', 'MunichOpen2010', 'mstmo', 'c', 'm', -1, 0, 0, 0, 0, -1, 0, '', ''),
(10431, 6, '2010PASS01', 'Marcel Passon', 'Germany', 'MunichOpen2010', 'mstmo', 'c', 'm', -1, 0, 0, 0, 0, -1, 0, '', ''),
(10432, 1, '2009LOOS01', 'Dennis Loose', 'Germany', 'EastGermanOpen2010', 'mstmo', 'f', 'm', 11330, 9603, 12172, 0, 0, 9603, 11035, '', ''),
(10433, 2, '2010WUNS01', 'Niklas Wünsche', 'Germany', 'EastGermanOpen2010', 'mstmo', 'f', 'm', 15886, 19868, 13027, 0, 0, 13027, 16260, '', ''),
(10434, 3, '2008AURO01', 'Sébastien Auroux', 'Germany', 'EastGermanOpen2010', 'mstmo', 'f', 'm', 14718, 20546, 19000, 0, 0, 14718, 18088, '', ''),
(10435, 4, '2010HEPP01', 'Christian Hepp', 'Germany', 'EastGermanOpen2010', 'mstmo', 'f', 'm', 17338, 26977, 16111, 0, 0, 16111, 20142, '', ''),
(10436, 1, '2007VALK01', 'Mats Valk', 'Netherlands', 'DusseldorfOpen2010', 'mstmo', 'c', 'm', 8258, 9696, 8461, 0, 0, 8258, 8805, 'WR', 'WR'),
(10437, 2, '2009BAKA01', 'Jascha Bakarinow', 'Germany', 'DusseldorfOpen2010', 'mstmo', 'c', 'm', 8528, 12756, 8321, 0, 0, 8321, 9868, 'NR', 'NR'),
(10438, 3, '2004FONN01', 'Eivind Fonn', 'Norway', 'DusseldorfOpen2010', 'mstmo', 'c', 'm', 16659, 20406, 13109, 0, 0, 13109, 16725, 'NR', 'NR'),
(10439, 4, '2009KONI03', 'Felix König', 'Germany', 'DusseldorfOpen2010', 'mstmo', 'c', 'm', 14677, 25305, 17283, 0, 0, 14677, 19088, '', ''),
(10440, 5, '2005AKKE01', 'Erik Akkersdijk', 'Netherlands', 'DusseldorfOpen2010', 'mstmo', 'c', 'm', 12447, 35072, 14488, 0, 0, 12447, 20669, '', ''),
(10441, 6, '2009DICK01', 'Jan Dickmann', 'Germany', 'DusseldorfOpen2010', 'mstmo', 'c', 'm', 18356, 0, 0, 0, 0, 18356, 0, '', ''),
(10442, 7, '2009SPRI01', 'Alexander Springhorn', 'Germany', 'DusseldorfOpen2010', 'mstmo', 'c', 'm', 19852, 0, 0, 0, 0, 19852, 0, '', ''),
(10443, 8, '2009SPIE01', 'Niklas Spies', 'Germany', 'DusseldorfOpen2010', 'mstmo', 'c', 'm', 22368, 0, 0, 0, 0, 22368, 0, '', ''),
(10444, 9, '2009KORB02', 'Lasse Korbanka', 'Germany', 'DusseldorfOpen2010', 'mstmo', 'c', 'm', 23465, 0, 0, 0, 0, 23465, 0, '', ''),
(10445, 10, '2007ORTR01', 'Raffael Ort', 'Germany', 'DusseldorfOpen2010', 'mstmo', 'c', 'm', 47978, 0, 0, 0, 0, 47978, 0, '', ''),
(10446, 11, '2008AURO01', 'Sébastien Auroux', 'Germany', 'DusseldorfOpen2010', 'mstmo', 'c', 'm', -1, 0, 0, 0, 0, -1, 0, '', ''),
(10447, 11, '2009DEUN01', 'Robin Deun', 'Netherlands', 'DusseldorfOpen2010', 'mstmo', 'c', 'm', -1, 0, 0, 0, 0, -1, 0, '', ''),
(10448, 11, '2003BRUC01', 'Ron van Bruchem', 'Netherlands', 'DusseldorfOpen2010', 'mstmo', 'c', 'm', -1, 0, 0, 0, 0, -1, 0, '', ''),
(10458, 10, '2010TRUO01', 'Jannik Truong', 'Germany', 'VCUBESpiel2010', 'illus', 'f', 'a', 36059, 43105, 37761, -2, -2, 36059, -1, '', ''),
(10459, 1, '2007HASH01', 'Takao Hashimoto', 'Japan', 'UtahSummer2010', 'sq1bf', 'f', '2', 96500, -1, 0, 0, 0, 96500, 0, 'WR', ''),
(10460, 1, '2008YOUN02', 'Michael Young', 'USA', 'UtahSummer2010', 'mirbl', 'f', 'a', 5488, 4050, 4975, 6119, 5138, 4050, 5200, '', 'NAR'),
(10461, 2, '2008LIUE01', 'Edward Liu', 'USA', 'UtahSummer2010', 'mirbl', 'f', 'a', 8168, 3491, 6956, 8340, 7675, 3491, 7600, 'NAR', ''),
(10462, 3, '2008XIAN01', 'Neil Xia', 'USA', 'UtahSummer2010', 'mirbl', 'f', 'a', 8744, 7977, 11917, 5883, 7177, 5883, 7966, '', ''),
(10463, 4, '2010PARK01', 'Aric Parkinson', 'USA', 'UtahSummer2010', 'mirbl', 'f', 'a', 14243, 16308, 24381, -1, 18855, 14243, 19848, '', ''),
(10464, 1, '2007PERD01', 'Antoine Perdereau', 'France', 'GaleriesLafayetteOpen2010', '360', 'f', '2', 8771, 7569, 0, 0, 0, 7569, 0, 'NR', ''),
(10465, 2, '2004GALL02', 'Clément Gallet', 'France', 'GaleriesLafayetteOpen2010', '360', 'f', '2', 10221, 11313, 0, 0, 0, 10221, 0, '', ''),
(10466, 3, '2006MATH01', 'Jean-Louis Mathieu', 'France', 'GaleriesLafayetteOpen2010', '360', 'f', '2', 15618, 15258, 0, 0, 0, 15258, 0, '', ''),
(10467, 4, '2005SIMO01', 'Antoine Simon-Chautemps', 'France', 'GaleriesLafayetteOpen2010', '360', 'f', '2', 18693, -1, 0, 0, 0, 18693, 0, '', ''),
(10468, 5, '2008HANK01', 'Kanneti Sae Han', 'France', 'GaleriesLafayetteOpen2010', '360', 'f', '2', 46740, 37265, 0, 0, 0, 37265, 0, '', ''),
(10469, 6, '2007DUSS01', 'Gaël Dusser', 'France', 'GaleriesLafayetteOpen2010', '360', 'f', '2', 38900, -1, 0, 0, 0, 38900, 0, '', ''),
(10470, 1, '2010ARBO01', 'Morten Arborg', 'Finland', 'FinnishOpen2010', 'skewb', 'f', 'a', 2952, 1858, 1430, 875, 1516, 875, 1601, '', 'ER'),
(10471, 2, '2010RONK01', 'Niko Ronkainen', 'Finland', 'FinnishOpen2010', 'skewb', 'f', 'a', 2147, 2300, 2884, 3863, 1665, 1665, 2444, '', ''),
(10472, 3, '2007HELL01', 'Otto von Hellens', 'Finland', 'FinnishOpen2010', 'skewb', 'f', 'a', 2186, 2846, 3155, 663, 3631, 663, 2729, 'ER', ''),
(10473, 4, '2005GUST02', 'Tommy Gustavsson', 'Sweden', 'FinnishOpen2010', 'skewb', 'f', 'a', 1952, 3028, 4516, 4277, 3136, 1952, 3480, 'NR', 'NR'),
(10474, 5, '2007GOUL01', 'Joey Gouly', 'United Kingdom', 'FinnishOpen2010', 'skewb', 'f', 'a', 3690, 3081, 6269, 3978, 3816, 3081, 3828, 'NR', 'NR'),
(10475, 1, '2007TIIN01', 'Teemu Tiinanen', 'Finland', 'FinnishOpen2010', 'snake', 'f', 'a', 436, 451, 503, 419, 877, 419, 463, '', ''),
(10476, 2, '2010RONK01', 'Niko Ronkainen', 'Finland', 'FinnishOpen2010', 'snake', 'f', 'a', 509, 468, 836, 415, 405, 405, 464, '', ''),
(10477, 3, '2007HELL01', 'Otto von Hellens', 'Finland', 'FinnishOpen2010', 'snake', 'f', 'a', 683, 659, 778, 859, 940, 659, 773, '', ''),
(10478, 4, '2008JUKK01', 'Konsta Jukka', 'Finland', 'FinnishOpen2010', 'snake', 'f', 'a', 631, 816, 841, 1159, 666, 631, 774, '', ''),
(10479, 5, '2005GUST02', 'Tommy Gustavsson', 'Sweden', 'FinnishOpen2010', 'snake', 'f', 'a', 2358, 1458, 1422, 1288, 1122, 1122, 1389, '', ''),
(10480, 6, '2008MART07', 'Minerva Martiskainen', 'Finland', 'FinnishOpen2010', 'snake', 'f', 'a', 1255, 1278, 1122, 1961, 1652, 1122, 1395, '', ''),
(10481, 7, '2009SEVE01', 'Frank Severinsen', 'Denmark', 'FinnishOpen2010', 'snake', 'f', 'a', 3888, 2013, 4343, 1922, 1388, 1388, 2608, '', ''),
(10482, 8, '2007GOUL01', 'Joey Gouly', 'United Kingdom', 'FinnishOpen2010', 'snake', 'f', 'a', 5187, 3418, 7607, -1, -2, 3418, -1, 'NR', ''),
(10494, 6, '2008PENT01', 'Carson Penticuff', 'USA', 'OhioOpen2010', 'skewb', 'f', 'a', 7778, 5018, 6693, 5644, 4793, 4793, 5785, '', ''),
(10493, 5, '2010KELM01', 'Justin Kelm', 'USA', 'OhioOpen2010', 'skewb', 'f', 'a', -1, 5163, 4972, 5069, 4505, 4505, 5068, '', ''),
(10492, 4, '2009RIZE01', 'Denny Rizer', 'USA', 'OhioOpen2010', 'skewb', 'f', 'a', 3956, 5671, 2544, 4530, 3150, 2544, 3879, '', ''),
(10491, 3, '2006NORS01', 'Bruce Norskog', 'USA', 'OhioOpen2010', 'skewb', 'f', 'a', 4143, 3859, 1611, 3978, 2015, 1611, 3284, '', ''),
(10490, 2, '2009LEVY01', 'Joel Levy', 'USA', 'OhioOpen2010', 'skewb', 'f', 'a', 2009, 3075, 1983, 3165, 2875, 1983, 2653, '', ''),
(10489, 1, '2007HUGH01', 'Mike Hughey', 'USA', 'OhioOpen2010', 'skewb', 'f', 'a', 1361, 1897, 2108, 1872, 1463, 1361, 1744, '', ''),
(10495, 1, '2010DEIM01', 'Maximilian Deimel', 'Germany', 'MunichOpen2010', 'mirbl', 'c', 'm', 5068, 3475, 2806, 0, 0, 2806, 3783, 'ER', ''),
(10496, 2, '2009KORB02', 'Lasse Korbanka', 'Germany', 'MunichOpen2010', 'mirbl', 'c', 'm', 4108, 3989, 3030, 0, 0, 3030, 3709, '', ''),
(10497, 3, '2010HAFN01', 'Sebastian Häfner', 'Germany', 'MunichOpen2010', 'mirbl', 'c', 'm', 3563, 3502, 3547, 0, 0, 3502, 3537, '', 'ER'),
(10498, 4, '2010HUFN01', 'Tassilo Hufnagel', 'Germany', 'MunichOpen2010', 'mirbl', 'c', 'm', 3941, 4969, 7011, 0, 0, 3941, 5307, '', ''),
(10499, 5, '2010ASEN01', 'Matthias Aßenmacher', 'Germany', 'MunichOpen2010', 'mirbl', 'c', 'm', 3977, 4068, 4297, 0, 0, 3977, 4114, '', ''),
(10500, 6, '2010GABR01', 'Kai Gabriel', 'Germany', 'MunichOpen2010', 'mirbl', 'c', 'm', 4328, 3980, 4390, 0, 0, 3980, 4233, '', ''),
(10501, 7, '2008AURO01', 'Sébastien Auroux', 'Germany', 'MunichOpen2010', 'mirbl', 'c', 'm', 8580, 5019, 7688, 0, 0, 5019, 7096, '', ''),
(10502, 8, '2009ROHR01', 'Michael Röhrer', 'Austria', 'MunichOpen2010', 'mirbl', 'c', 'm', 5155, 8080, 8602, 0, 0, 5155, 7279, 'NR', ''),
(10503, 9, '2010OLSC01', 'Max Olschok', 'Germany', 'MunichOpen2010', 'mirbl', 'c', 'm', 5336, 5869, -1, 0, 0, 5336, -1, '', ''),
(10504, 10, '2010DAOV01', 'Huy Dao', 'Germany', 'MunichOpen2010', 'mirbl', 'c', 'm', 5453, 7877, 5738, 0, 0, 5453, 6356, '', ''),
(10505, 11, '2010MILL01', 'Thomas Millen', 'Austria', 'MunichOpen2010', 'mirbl', 'c', 'm', 5506, 7594, 7013, 0, 0, 5506, 6704, '', 'NR'),
(10506, 12, '2010STAU01', 'Wolfgang Stauber', 'Germany', 'MunichOpen2010', 'mirbl', 'c', 'm', 6390, 5580, 8338, 0, 0, 5580, 6769, '', ''),
(10507, 13, '2010HOMM01', 'Jascha Hommel', 'Germany', 'MunichOpen2010', 'mirbl', 'c', 'm', 7747, 5861, 5838, 0, 0, 5838, 6482, '', ''),
(10508, 14, '2010ENGL03', 'Adrian Englhardt', 'Germany', 'MunichOpen2010', 'mirbl', 'c', 'm', 6272, 11741, 0, 0, 0, 6272, 0, '', ''),
(10509, 15, '2009HERZ01', 'Florian Herzog', 'Austria', 'MunichOpen2010', 'mirbl', 'c', 'm', 13531, 6346, 0, 0, 0, 6346, 0, '', ''),
(10510, 16, '2009BALT02', 'Leandro Baltazar', 'Portugal', 'MunichOpen2010', 'mirbl', 'c', 'm', 8363, 6612, 0, 0, 0, 6612, 0, 'NR', ''),
(10511, 17, '2009BRUS01', 'Berit Brüster', 'Germany', 'MunichOpen2010', 'mirbl', 'c', 'm', 6984, 7450, 0, 0, 0, 6984, 0, '', ''),
(10512, 18, '2009SIMO01', 'Thomas Simonis', 'Germany', 'MunichOpen2010', 'mirbl', 'c', 'm', 8809, 6997, 0, 0, 0, 6997, 0, '', ''),
(10513, 19, '2010SCHM01', 'Leon Schmidtchen', 'Germany', 'MunichOpen2010', 'mirbl', 'c', 'm', 7255, 8238, 0, 0, 0, 7255, 0, '', ''),
(10514, 20, '2010WING01', 'Torsten Wingen', 'Germany', 'MunichOpen2010', 'mirbl', 'c', 'm', 13300, 7782, 0, 0, 0, 7782, 0, '', ''),
(10515, 21, '2010DEIM02', 'Sebastian Deimel', 'Germany', 'MunichOpen2010', 'mirbl', 'c', 'm', 8013, 14440, 0, 0, 0, 8013, 0, '', ''),
(10516, 22, '2009BLUM01', 'Johannes Blum', 'Germany', 'MunichOpen2010', 'mirbl', 'c', 'm', 8243, 10965, 0, 0, 0, 8243, 0, '', ''),
(10517, 23, '2010WIMM01', 'Johannes Wimmer', 'Germany', 'MunichOpen2010', 'mirbl', 'c', 'm', 8781, 14136, 0, 0, 0, 8781, 0, '', ''),
(10518, 24, '2009SPIE01', 'Niklas Spies', 'Germany', 'MunichOpen2010', 'mirbl', 'c', 'm', 15616, 9146, 0, 0, 0, 9146, 0, '', ''),
(10519, 25, '2009AURO01', 'Fabian Auroux', 'Germany', 'MunichOpen2010', 'mirbl', 'c', 'm', 10186, 11036, 0, 0, 0, 10186, 0, '', ''),
(10520, 26, '2009HERR01', 'Jan Herrmann', 'Germany', 'MunichOpen2010', 'mirbl', 'c', 'm', 22977, -2, 0, 0, 0, 22977, 0, '', ''),
(10521, 27, '2010PATZ01', 'Moritz Patzelt', 'Germany', 'MunichOpen2010', 'mirbl', 'c', 'm', -1, -2, 0, 0, 0, -1, 0, '', ''),
(10522, 27, '2010PASS01', 'Marcel Passon', 'Germany', 'MunichOpen2010', 'mirbl', 'c', 'm', -1, -1, 0, 0, 0, -1, 0, '', '');

-- --------------------------------------------------------

--
-- Table structure for table `Rounds`
--

CREATE TABLE `Rounds` (
  `id` char(1) NOT NULL DEFAULT '',
  `name` varchar(50) NOT NULL DEFAULT '',
  `cellName` varchar(45) NOT NULL DEFAULT ''
) ENGINE=MyISAM DEFAULT CHARSET=utf8mb3 COLLATE=utf8mb3_unicode_ci;

--
-- Dumping data for table `Rounds`
--

INSERT INTO `Rounds` (`id`, `name`, `cellName`) VALUES
('0', 'Qualification round', 'Qualification'),
('1', 'First round', 'First'),
('2', 'Second round', 'Second'),
('3', 'Semi final', 'Semi Final'),
('b', 'B Final', 'B Final'),
('c', 'Combined Final', 'Combined Final'),
('d', 'Combined First / Second round', 'Combined First'),
('e', 'Combined First round / B Final', 'First / B Final'),
('f', 'Final', 'Final');

-- --------------------------------------------------------

--
-- Table structure for table `ZZZZEvents`
--

CREATE TABLE `ZZZZEvents` (
  `id` varchar(6) NOT NULL DEFAULT '',
  `name` varchar(54) NOT NULL DEFAULT '',
  `rank` int(11) NOT NULL DEFAULT 0,
  `format` varchar(10) NOT NULL DEFAULT '',
  `cellName` varchar(45) NOT NULL DEFAULT ''
) ENGINE=MyISAM DEFAULT CHARSET=utf8mb3 COLLATE=utf8mb3_unicode_ci PACK_KEYS=0;

--
-- Dumping data for table `ZZZZEvents`
--

INSERT INTO `ZZZZEvents` (`id`, `name`, `rank`, `format`, `cellName`) VALUES
('666', '6x6x6 Cube', 10, '1', '6x6x6 Cube'),
('777', '7x7x7 Cube', 20, '1', '7x7x7 Cube'),
('rainb', 'Rainbow Cube', 100, '1', 'Rainbow Cube'),
('skewb', 'Skewb', 110, '1', 'Skewb'),
('333si', 'Siamese Rubik\'s Cube', 120, '1', 'Siamese Cube'),
('snake', 'Rubik\'s Snake', 130, '1', 'Rubik\'s Snake'),
('mirbl', 'Mirror Blocks', 140, '1', 'Mirror Blocks'),
('333ni', 'Rubik\'s Cube: No inspection', 300, '1', 'Rubik\'s Cube No inspection'),
('333r3', 'Rubik\'s Cube: 3 in a row', 310, '1', 'Rubik\'s Cube 3 in a row'),
('333sbf', 'Rubik\'s Cube: Speed Blindfolded', 320, '1', 'Rubik\'s Cube Speed blind'),
('3sc', 'Rubik\'s Cube: Scramble Copy', 330, '1', 'Rubik\'s Cube Scramble copy'),
('222oh', '2x2x2 Cube: One-handed', 400, '1', '2x2x2 one-handed'),
('magico', 'Magic: One-handed', 410, '1', 'Magic one-handed'),
('222bf', '2x2x2 Cube: Blindfolded', 420, '1', '2x2x2 blindfolded'),
('sq1bf', 'Square-1 Blindfolded', 430, '1', 'Square-1 Blindfolded'),
('mirbbf', 'Mirror Blocks Blindfolded', 440, '1', 'Mirror Blocks Blindfolded'),
('234', 'Relay 2x2, 3x3, 4x4', 500, '1', 'Relay 2/3/4'),
('magicc', 'Magic Chess', 600, '1', 'Magic Chess'),
('magicb', 'Magic Balls', 610, '1', 'Magic Balls'),
('magccc', 'Magic Create Cube', 620, '1', 'Magic Create Cube'),
('360', 'Rubik\'s 360', 150, '1', 'Rubik\'s 360');

-- --------------------------------------------------------

--
-- Table structure for table `ZZZZResults`
--

CREATE TABLE `ZZZZResults` (
  `id` int(11) NOT NULL,
  `pos` smallint(6) NOT NULL DEFAULT 0,
  `personId` varchar(10) NOT NULL DEFAULT '',
  `personName` varchar(80) NOT NULL DEFAULT '',
  `countryId` varchar(50) DEFAULT NULL,
  `competitionId` varchar(32) NOT NULL DEFAULT '',
  `eventId` varchar(6) NOT NULL DEFAULT '',
  `roundId` char(1) NOT NULL DEFAULT '',
  `formatId` char(1) NOT NULL DEFAULT '',
  `value1` int(11) NOT NULL DEFAULT 0,
  `value2` int(11) NOT NULL DEFAULT 0,
  `value3` int(11) NOT NULL DEFAULT 0,
  `value4` int(11) NOT NULL DEFAULT 0,
  `value5` int(11) NOT NULL DEFAULT 0,
  `best` int(11) NOT NULL DEFAULT 0,
  `average` int(11) NOT NULL DEFAULT 0,
  `regionalSingleRecord` varchar(3) DEFAULT NULL,
  `regionalAverageRecord` varchar(3) DEFAULT NULL
) ENGINE=MyISAM DEFAULT CHARSET=utf8mb3 COLLATE=utf8mb3_unicode_ci PACK_KEYS=0;

--
-- Dumping data for table `ZZZZResults`
--

INSERT INTO `ZZZZResults` (`id`, `pos`, `personId`, `personName`, `countryId`, `competitionId`, `eventId`, `roundId`, `formatId`, `value1`, `value2`, `value3`, `value4`, `value5`, `best`, `average`, `regionalSingleRecord`, `regionalAverageRecord`) VALUES
(9789, 1, '2007PERG01', 'Olivér Perge', 'Hungary', 'SwedishOpen2008', '777', 'f', '1', 39668, 0, 0, 0, 0, 39668, 0, 'WR', ''),
(9790, 2, '2006BUUS01', 'Henrik Buus Aagaard', 'Denmark', 'SwedishOpen2008', '777', 'f', '1', 57552, 0, 0, 0, 0, 57552, 0, 'NR', ''),
(9791, 3, '2004KRIG01', 'Gunnar Krig', 'Sweden', 'SwedishOpen2008', '777', 'f', '1', 59971, 0, 0, 0, 0, 59971, 0, 'NR', ''),
(9792, 4, '2007GOUL01', 'Joey Gouly', 'United Kingdom', 'SwedishOpen2008', '777', 'f', '1', 61800, 0, 0, 0, 0, 61800, 0, 'NR', ''),
(9793, 5, '2008SORM01', 'Simon Sörman', 'Sweden', 'SwedishOpen2008', '777', 'f', '1', 76100, 0, 0, 0, 0, 76100, 0, '', ''),
(9794, 6, '2008WEST02', 'Simon Westlund', 'Sweden', 'SwedishOpen2008', '777', 'f', '1', 78000, 0, 0, 0, 0, 78000, 0, '', ''),
(9795, 7, '2004KRIG02', 'Kåre Krig', 'Sweden', 'SwedishOpen2008', '777', 'f', '1', 87000, 0, 0, 0, 0, 87000, 0, '', ''),
(9796, 8, '2005GUST01', 'Kenneth Gustavsson', 'Sweden', 'SwedishOpen2008', '777', 'f', '1', 89500, 0, 0, 0, 0, 89500, 0, '', ''),
(9797, 9, '2005GUST02', 'Tommy Gustavsson', 'Sweden', 'SwedishOpen2008', '777', 'f', '1', 100800, 0, 0, 0, 0, 100800, 0, '', ''),
(9798, 10, '2007CLAE03', 'Mattias Claesson', 'Sweden', 'SwedishOpen2008', '777', 'f', '1', 114700, 0, 0, 0, 0, 114700, 0, '', ''),
(9895, 6, '2005GUST02', 'Tommy Gustavsson', 'Sweden', 'SwedishOpen2008', '666', 'f', '1', 69000, 0, 0, 0, 0, 69000, 0, '', ''),
(9894, 5, '2005GUST01', 'Kenneth Gustavsson', 'Sweden', 'SwedishOpen2008', '666', 'f', '1', 53534, 0, 0, 0, 0, 53534, 0, '', ''),
(9893, 4, '2004KRIG02', 'Kåre Krig', 'Sweden', 'SwedishOpen2008', '666', 'f', '1', 51969, 0, 0, 0, 0, 51969, 0, 'NR', ''),
(9892, 3, '2006BUUS01', 'Henrik Buus Aagaard', 'Denmark', 'SwedishOpen2008', '666', 'f', '1', 47418, 0, 0, 0, 0, 47418, 0, 'NR', ''),
(9890, 1, '2007GOUL01', 'Joey Gouly', 'United Kingdom', 'SwedishOpen2008', '666', 'f', '1', 39084, 0, 0, 0, 0, 39084, 0, 'WR', ''),
(9891, 2, '2007PERG01', 'Olivér Perge', 'Hungary', 'SwedishOpen2008', '666', 'f', '1', 39988, 0, 0, 0, 0, 39988, 0, 'NR', ''),
(9885, 5, '2006GALE01', 'Arnaud van Galen', 'Netherlands', 'BrusselsSummerOpen2008', '777', 'f', '2', 51986, 51808, 0, 0, 0, 51808, 0, '', ''),
(9884, 4, '2003BRUC01', 'Ron van Bruchem', 'Netherlands', 'BrusselsSummerOpen2008', '777', 'f', '2', 53930, 48843, 0, 0, 0, 48843, 0, '', ''),
(9883, 3, '2004GALL02', 'Clément Gallet', 'France', 'BrusselsSummerOpen2008', '777', 'f', '2', 48977, 45072, 0, 0, 0, 45072, 0, 'NR', ''),
(9882, 2, '2006COLL01', 'Jimmy Coll', 'Belgium', 'BrusselsSummerOpen2008', '777', 'f', '2', 44830, 39659, 0, 0, 0, 39659, 0, 'NR', ''),
(9881, 1, '2005AKKE01', 'Erik Akkersdijk', 'Netherlands', 'BrusselsSummerOpen2008', '777', 'f', '2', 38446, 49188, 0, 0, 0, 38446, 0, 'WR', ''),
(9880, 11, '2006DANE02', 'Tobias Daneels', 'Belgium', 'BrusselsSummerOpen2008', '666', 'f', '2', -1, -2, 0, 0, 0, -1, 0, '', ''),
(9879, 10, '2008KIRC01', 'Thibaut Kirchner', 'France', 'BrusselsSummerOpen2008', '666', 'f', '2', -1, 103500, 0, 0, 0, 103500, 0, '', ''),
(9878, 9, '2003DENN01', 'Ton Dennenbroek', 'Netherlands', 'BrusselsSummerOpen2008', '666', 'f', '2', 60600, 58200, 0, 0, 0, 58200, 0, '', ''),
(9877, 8, '2007DUSS01', 'Gaël Dusser', 'France', 'BrusselsSummerOpen2008', '666', 'f', '2', 49234, -2, 0, 0, 0, 49234, 0, '', ''),
(9876, 7, '2008COUR01', 'François Courtès', 'France', 'BrusselsSummerOpen2008', '666', 'f', '2', 48847, -2, 0, 0, 0, 48847, 0, '', ''),
(9875, 6, '2006COLL01', 'Jimmy Coll', 'Belgium', 'BrusselsSummerOpen2008', '666', 'f', '2', 39605, 37344, 0, 0, 0, 37344, 0, '', ''),
(9874, 5, '2006GALE01', 'Arnaud van Galen', 'Netherlands', 'BrusselsSummerOpen2008', '666', 'f', '2', 33818, 44993, 0, 0, 0, 33818, 0, '', ''),
(9873, 4, '2003VAND01', 'Lars Vandenbergh', 'Belgium', 'BrusselsSummerOpen2008', '666', 'f', '2', 33113, -1, 0, 0, 0, 33113, 0, 'NR', ''),
(9872, 3, '2004GALL02', 'Clément Gallet', 'France', 'BrusselsSummerOpen2008', '666', 'f', '2', 36531, 32413, 0, 0, 0, 32413, 0, 'NR', ''),
(9871, 2, '2003BRUC01', 'Ron van Bruchem', 'Netherlands', 'BrusselsSummerOpen2008', '666', 'f', '2', 39168, 31713, 0, 0, 0, 31713, 0, '', ''),
(9870, 1, '2005AKKE01', 'Erik Akkersdijk', 'Netherlands', 'BrusselsSummerOpen2008', '666', 'f', '2', 26394, 23363, 0, 0, 0, 23363, 0, 'WR', ''),
(9886, 6, '2007DUSS01', 'Gaël Dusser', 'France', 'BrusselsSummerOpen2008', '777', 'f', '2', 73500, 62300, 0, 0, 0, 62300, 0, '', ''),
(9887, 7, '2003VAND01', 'Lars Vandenbergh', 'Belgium', 'BrusselsSummerOpen2008', '777', 'f', '2', 63700, 67700, 0, 0, 0, 63700, 0, '', ''),
(9888, 8, '2008COUR01', 'François Courtès', 'France', 'BrusselsSummerOpen2008', '777', 'f', '2', 94800, 87300, 0, 0, 0, 87300, 0, '', ''),
(9889, 9, '2003DENN01', 'Ton Dennenbroek', 'Netherlands', 'BrusselsSummerOpen2008', '777', 'f', '2', 102500, 89600, 0, 0, 0, 89600, 0, '', ''),
(9896, 7, '2004KRIG01', 'Gunnar Krig', 'Sweden', 'SwedishOpen2008', '666', 'f', '1', -1, 0, 0, 0, 0, -1, 0, '', ''),
(9928, 1, '2005AKKE01', 'Erik Akkersdijk', 'Netherlands', 'DutchOpen2008', '666', 'f', '2', 25609, 21769, 0, 0, 0, 21769, 0, 'WR', ''),
(9929, 2, '2007VALK01', 'Mats Valk', 'Netherlands', 'DutchOpen2008', '666', 'f', '2', 37765, 27172, 0, 0, 0, 27172, 0, '', ''),
(9930, 3, '2007GOUL01', 'Joey Gouly', 'United Kingdom', 'DutchOpen2008', '666', 'f', '2', 34130, 31169, 0, 0, 0, 31169, 0, 'NR', ''),
(9931, 4, '2008AURO01', 'Sébastien Auroux', 'Germany', 'DutchOpen2008', '666', 'f', '2', 37115, 32678, 0, 0, 0, 32678, 0, 'NR', ''),
(9932, 5, '2008VARG01', 'Dániel Varga', 'Hungary', 'DutchOpen2008', '666', 'f', '2', 43958, 33791, 0, 0, 0, 33791, 0, 'NR', ''),
(9933, 6, '2006GALE01', 'Arnaud van Galen', 'Netherlands', 'DutchOpen2008', '666', 'f', '2', 34016, 35819, 0, 0, 0, 34016, 0, '', ''),
(9934, 7, '2008SCHM01', 'Gábor Schmíz', 'Hungary', 'DutchOpen2008', '666', 'f', '2', 34171, 37313, 0, 0, 0, 34171, 0, '', ''),
(9935, 8, '2004GALL02', 'Clément Gallet', 'France', 'DutchOpen2008', '666', 'f', '2', 37513, 35138, 0, 0, 0, 35138, 0, '', ''),
(9936, 9, '2005OOMS01', 'Alexander Ooms', 'Netherlands', 'DutchOpen2008', '666', 'f', '2', 41746, 35390, 0, 0, 0, 35390, 0, '', ''),
(9937, 10, '2007LEMO01', 'Laetitia Lemoine', 'France', 'DutchOpen2008', '666', 'f', '2', 41550, 42794, 0, 0, 0, 41550, 0, '', ''),
(9938, 11, '2008COUR01', 'François Courtès', 'France', 'DutchOpen2008', '666', 'f', '2', 42063, 45974, 0, 0, 0, 42063, 0, '', ''),
(9939, 12, '2003VAND01', 'Lars Vandenbergh', 'Belgium', 'DutchOpen2008', '666', 'f', '2', 55446, 42647, 0, 0, 0, 42647, 0, '', ''),
(9940, 13, '2003DENN01', 'Ton Dennenbroek', 'Netherlands', 'DutchOpen2008', '666', 'f', '2', 57146, 43021, 0, 0, 0, 43021, 0, '', ''),
(9941, 14, '2008DENI01', 'Hakan Deniz', 'Netherlands', 'DutchOpen2008', '666', 'f', '2', 43916, 45040, 0, 0, 0, 43916, 0, '', ''),
(9942, 15, '2007COOP01', 'Charlie Cooper', 'United Kingdom', 'DutchOpen2008', '666', 'f', '2', 45786, 44908, 0, 0, 0, 44908, 0, '', ''),
(9943, 16, '2007STRE01', 'Dennis Strehlau', 'Germany', 'DutchOpen2008', '666', 'f', '2', -1, 53613, 0, 0, 0, 53613, 0, '', ''),
(9944, 17, '2003BRUC01', 'Ron van Bruchem', 'Netherlands', 'DutchOpen2008', '666', 'f', '2', 56009, 65100, 0, 0, 0, 56009, 0, '', ''),
(9945, 1, '2005AKKE01', 'Erik Akkersdijk', 'Netherlands', 'DutchOpen2008', '777', 'f', '1', 32861, 0, 0, 0, 0, 32861, 0, 'WR', ''),
(9946, 2, '2007VALK01', 'Mats Valk', 'Netherlands', 'DutchOpen2008', '777', 'f', '1', 41921, 0, 0, 0, 0, 41921, 0, '', ''),
(9947, 3, '2006COLL01', 'Jimmy Coll', 'Belgium', 'DutchOpen2008', '777', 'f', '1', 43805, 0, 0, 0, 0, 43805, 0, '', ''),
(9948, 4, '2006GALE01', 'Arnaud van Galen', 'Netherlands', 'DutchOpen2008', '777', 'f', '1', 44718, 0, 0, 0, 0, 44718, 0, '', ''),
(9949, 5, '2003BRUC01', 'Ron van Bruchem', 'Netherlands', 'DutchOpen2008', '777', 'f', '1', 46440, 0, 0, 0, 0, 46440, 0, '', ''),
(9950, 6, '2004GALL02', 'Clément Gallet', 'France', 'DutchOpen2008', '777', 'f', '1', 49611, 0, 0, 0, 0, 49611, 0, '', ''),
(9951, 7, '2008SCHM01', 'Gábor Schmíz', 'Hungary', 'DutchOpen2008', '777', 'f', '1', 49865, 0, 0, 0, 0, 49865, 0, '', ''),
(9952, 8, '2007LEMO01', 'Laetitia Lemoine', 'France', 'DutchOpen2008', '777', 'f', '1', 51808, 0, 0, 0, 0, 51808, 0, '', ''),
(9953, 9, '2008AURO01', 'Sébastien Auroux', 'Germany', 'DutchOpen2008', '777', 'f', '1', 53106, 0, 0, 0, 0, 53106, 0, 'NR', ''),
(9954, 10, '2004NOOR01', 'Joël van Noort', 'Netherlands', 'DutchOpen2008', '777', 'f', '1', 53283, 0, 0, 0, 0, 53283, 0, '', ''),
(9955, 11, '2007STRE01', 'Dennis Strehlau', 'Germany', 'DutchOpen2008', '777', 'f', '1', 53734, 0, 0, 0, 0, 53734, 0, '', ''),
(9956, 12, '2007GOUL01', 'Joey Gouly', 'United Kingdom', 'DutchOpen2008', '777', 'f', '1', 54778, 0, 0, 0, 0, 54778, 0, 'NR', ''),
(9957, 13, '2007COOP01', 'Charlie Cooper', 'United Kingdom', 'DutchOpen2008', '777', 'f', '1', 56388, 0, 0, 0, 0, 56388, 0, '', ''),
(9958, 14, '2008VARG01', 'Dániel Varga', 'Hungary', 'DutchOpen2008', '777', 'f', '1', 57875, 0, 0, 0, 0, 57875, 0, '', ''),
(9959, 15, '2008DENI01', 'Hakan Deniz', 'Netherlands', 'DutchOpen2008', '777', 'f', '1', -1, 0, 0, 0, 0, -1, 0, '', ''),
(9960, 15, '2007KRIJ01', 'Jacco Krijnen', 'Netherlands', 'DutchOpen2008', '777', 'f', '1', -1, 0, 0, 0, 0, -1, 0, '', ''),
(9961, 15, '2006DANE02', 'Tobias Daneels', 'Belgium', 'DutchOpen2008', '777', 'f', '1', -1, 0, 0, 0, 0, -1, 0, '', ''),
(9962, 15, '2005OOMS01', 'Alexander Ooms', 'Netherlands', 'DutchOpen2008', '777', 'f', '1', -1, 0, 0, 0, 0, -1, 0, '', ''),
(9963, 15, '2005PEER01', 'Gilles van den Peereboom', 'Belgium', 'DutchOpen2008', '777', 'f', '1', -1, 0, 0, 0, 0, -1, 0, '', ''),
(9964, 15, '2003VAND01', 'Lars Vandenbergh', 'Belgium', 'DutchOpen2008', '777', 'f', '1', -1, 0, 0, 0, 0, -1, 0, '', ''),
(9971, 1, '2005BATI01', 'Milán Baticz', 'Hungary', 'HungarianOpen2008', '777', 'c', 'm', 37543, 33575, 35605, 0, 0, 33575, 35574, 'NR', 'WR'),
(9972, 2, '2007ROKA01', 'Péter Róka', 'Hungary', 'HungarianOpen2008', '777', 'c', 'm', 36288, 36334, 34269, 0, 0, 34269, 35630, '', ''),
(9973, 3, '2008BARA01', 'Bence Barát', 'Hungary', 'HungarianOpen2008', '777', 'c', 'm', 37166, 35919, 36141, 0, 0, 35919, 36409, '', ''),
(9974, 4, '2007PERG01', 'Olivér Perge', 'Hungary', 'HungarianOpen2008', '777', 'c', 'm', 36822, 39163, 35822, 0, 0, 35822, 37269, '', ''),
(9975, 5, '2004GALL02', 'Clément Gallet', 'France', 'HungarianOpen2008', '777', 'c', 'm', 41790, 39821, 0, 0, 0, 39821, 0, 'NR', ''),
(9976, 6, '2007BERN01', 'Balázs Bernát', 'Hungary', 'HungarianOpen2008', '777', 'c', 'm', 41075, 40743, 0, 0, 0, 40743, 0, '', ''),
(9977, 7, '2007ROKA02', 'Gábor Róka', 'Hungary', 'HungarianOpen2008', '777', 'c', 'm', 41527, 40884, 0, 0, 0, 40884, 0, '', ''),
(9978, 8, '2008SCHM01', 'Gábor Schmíz', 'Hungary', 'HungarianOpen2008', '777', 'c', 'm', 42084, 47480, 0, 0, 0, 42084, 0, '', ''),
(9979, 9, '2007HORV01', 'Maté Horváth', 'Hungary', 'HungarianOpen2008', '777', 'c', 'm', 42615, 0, 0, 0, 0, 42615, 0, '', ''),
(9980, 10, '2007BODO01', 'Bertalan Bodor', 'Hungary', 'HungarianOpen2008', '777', 'c', 'm', 46016, 0, 0, 0, 0, 46016, 0, '', ''),
(9981, 11, '2008HEJJ01', 'Norbert Héjja', 'Hungary', 'HungarianOpen2008', '777', 'c', 'm', 49180, 0, 0, 0, 0, 49180, 0, '', ''),
(9982, 12, '2008VARG01', 'Dániel Varga', 'Hungary', 'HungarianOpen2008', '777', 'c', 'm', 56441, 0, 0, 0, 0, 56441, 0, '', ''),
(9983, 13, '2008KATO03', 'Máté Katona', 'Hungary', 'HungarianOpen2008', '777', 'c', 'm', 59086, 0, 0, 0, 0, 59086, 0, '', ''),
(9984, 14, '2008RICH01', 'Richárd Nagy 2', 'Hungary', 'HungarianOpen2008', '777', 'c', 'm', -1, 0, 0, 0, 0, -1, 0, '', ''),
(9985, 1, '2008BARA01', 'Bence Barát', 'Hungary', 'HungarianOpen2008', '666', 'c', 'm', 25541, 25122, 26821, 0, 0, 25122, 25828, 'NR', 'WR'),
(9986, 2, '2007ROKA02', 'Gábor Róka', 'Hungary', 'HungarianOpen2008', '666', 'c', 'm', 28266, 31545, 27886, 0, 0, 27886, 29232, '', ''),
(9987, 3, '2007BERN01', 'Balázs Bernát', 'Hungary', 'HungarianOpen2008', '666', 'c', 'm', 30156, 28516, 29740, 0, 0, 28516, 29471, '', ''),
(9988, 4, '2007MULL02', 'Maté Müller', 'Hungary', 'HungarianOpen2008', '666', 'c', 'm', 39953, 29780, 33013, 0, 0, 29780, 34249, '', ''),
(9989, 5, '2007PERG01', 'Olivér Perge', 'Hungary', 'HungarianOpen2008', '666', 'c', 'm', 36777, 30534, 0, 0, 0, 30534, 0, '', ''),
(9990, 6, '2008VARG01', 'Dániel Varga', 'Hungary', 'HungarianOpen2008', '666', 'c', 'm', 37669, 50994, 0, 0, 0, 37669, 0, '', ''),
(9991, 7, '2007ROKA01', 'Péter Róka', 'Hungary', 'HungarianOpen2008', '666', 'c', 'm', 38466, 38741, 0, 0, 0, 38466, 0, '', ''),
(9992, 8, '2008VILA01', 'Bálint Világos', 'Hungary', 'HungarianOpen2008', '666', 'c', 'm', 39036, 38588, 0, 0, 0, 38588, 0, '', ''),
(9993, 9, '2005BATI01', 'Milán Baticz', 'Hungary', 'HungarianOpen2008', '666', 'c', 'm', -1, 0, 0, 0, 0, -1, 0, '', ''),
(9994, 9, '2008SCHM01', 'Gábor Schmíz', 'Hungary', 'HungarianOpen2008', '666', 'c', 'm', -1, 0, 0, 0, 0, -1, 0, '', ''),
(9995, 1, '2007VALK01', 'Mats Valk', 'Netherlands', 'TheHagueOpen2008', '777', 'c', 'm', 42263, 42844, 39709, 0, 0, 39709, 41605, '', 'NR'),
(9996, 2, '2006GALE01', 'Arnaud van Galen', 'Netherlands', 'TheHagueOpen2008', '777', 'c', 'm', 42593, 42680, 41516, 0, 0, 41516, 42263, '', ''),
(9997, 3, '2008AURO01', 'Sébastien Auroux', 'Germany', 'TheHagueOpen2008', '777', 'c', 'm', 45341, 42322, 42569, 0, 0, 42322, 43411, 'NR', 'NR'),
(9998, 4, '2006TEMM01', 'Rama Temmink', 'Netherlands', 'TheHagueOpen2008', '777', 'c', 'm', 43794, 45255, 47678, 0, 0, 43794, 45576, '', ''),
(9999, 5, '2003BRUC01', 'Ron van Bruchem', 'Netherlands', 'TheHagueOpen2008', '777', 'c', 'm', 51983, 0, 0, 0, 0, 51983, 0, '', ''),
(10000, 6, '2008DIEW01', 'Jens Diewald', 'Germany', 'TheHagueOpen2008', '777', 'c', 'm', 52534, 0, 0, 0, 0, 52534, 0, '', ''),
(10001, 7, '2008DENI01', 'Hakan Deniz', 'Netherlands', 'TheHagueOpen2008', '777', 'c', 'm', 59503, 0, 0, 0, 0, 59503, 0, '', ''),
(10002, 8, '2008SMIT04', 'Maarten Smit', 'Netherlands', 'TheHagueOpen2008', '777', 'c', 'm', 60700, 0, 0, 0, 0, 60700, 0, '', ''),
(10003, 9, '2008COUR01', 'François Courtès', 'France', 'TheHagueOpen2008', '777', 'c', 'm', 61300, 0, 0, 0, 0, 61300, 0, '', ''),
(10004, 10, '2003VAND01', 'Lars Vandenbergh', 'Belgium', 'TheHagueOpen2008', '777', 'c', 'm', 66100, 0, 0, 0, 0, 66100, 0, '', ''),
(10005, 11, '2007ORTR01', 'Raffael Ort', 'Germany', 'TheHagueOpen2008', '777', 'c', 'm', 67500, 0, 0, 0, 0, 67500, 0, '', ''),
(10006, 12, '2007BAKK02', 'Martijn Bakker', 'Netherlands', 'TheHagueOpen2008', '777', 'c', 'm', 70700, 0, 0, 0, 0, 70700, 0, '', ''),
(10007, 13, '2003DENN01', 'Ton Dennenbroek', 'Netherlands', 'TheHagueOpen2008', '777', 'c', 'm', 75000, 0, 0, 0, 0, 75000, 0, '', ''),
(10008, 1, '2005AKKE01', 'Erik Akkersdijk', 'Netherlands', 'TheHagueOpen2008', '666', 'f', 'm', 21891, 19575, 20841, 0, 0, 19575, 20769, 'WR', 'WR'),
(10009, 2, '2007VALK01', 'Mats Valk', 'Netherlands', 'TheHagueOpen2008', '666', 'f', 'm', 22051, 27809, 26111, 0, 0, 22051, 25324, '', ''),
(10010, 3, '2008AURO01', 'Sébastien Auroux', 'Germany', 'TheHagueOpen2008', '666', 'f', 'm', 31616, 27850, 27703, 0, 0, 27703, 29056, 'NR', 'NR'),
(10011, 4, '2006GALE01', 'Arnaud van Galen', 'Netherlands', 'TheHagueOpen2008', '666', 'f', 'm', 29115, 35634, 30647, 0, 0, 29115, 31799, '', ''),
(10012, 5, '2003BRUC01', 'Ron van Bruchem', 'Netherlands', 'TheHagueOpen2008', '666', 'f', 'm', 36163, 33281, 31184, 0, 0, 31184, 33543, '', ''),
(10013, 6, '2008DIEW01', 'Jens Diewald', 'Germany', 'TheHagueOpen2008', '666', 'f', 'm', 39734, 34330, 33393, 0, 0, 33393, 35819, '', ''),
(10014, 7, '2008SMIT04', 'Maarten Smit', 'Netherlands', 'TheHagueOpen2008', '666', 'f', 'm', 33200, 37594, 40031, 0, 0, 33200, 36942, '', ''),
(10015, 8, '2008DENI01', 'Hakan Deniz', 'Netherlands', 'TheHagueOpen2008', '666', 'f', 'm', 45338, 32896, 34818, 0, 0, 32896, 37684, '', ''),
(10016, 9, '2003VAND01', 'Lars Vandenbergh', 'Belgium', 'TheHagueOpen2008', '666', 'f', 'm', -1, 37877, 34809, 0, 0, 34809, -1, '', ''),
(10017, 10, '2003DENN01', 'Ton Dennenbroek', 'Netherlands', 'TheHagueOpen2008', '666', 'f', 'm', -1, 45008, 40394, 0, 0, 40394, -1, '', ''),
(10018, 11, '2008COUR01', 'François Courtès', 'France', 'TheHagueOpen2008', '666', 'f', 'm', -1, 40818, 42430, 0, 0, 40818, -1, '', ''),
(10019, 12, '2007ORTR01', 'Raffael Ort', 'Germany', 'TheHagueOpen2008', '666', 'f', 'm', -1, -1, -1, 0, 0, -1, -1, '', ''),
(10074, 1, '2005AKKE01', 'Erik Akkersdijk', 'Netherlands', 'AachenOpen2009', '666', 'c', 'm', 19624, 20650, 20502, 0, 0, 19624, 20259, '', 'WR'),
(10075, 2, '2008BLOH02', 'Robin Blöhm', 'Germany', 'AachenOpen2009', '666', 'c', 'm', 26191, 25866, 23333, 0, 0, 23333, 25130, 'NR', 'NR'),
(10076, 3, '2007VALK01', 'Mats Valk', 'Netherlands', 'AachenOpen2009', '666', 'c', 'm', 25933, 31102, 22152, 0, 0, 22152, 26396, '', ''),
(10077, 4, '2008AURO01', 'Sébastien Auroux', 'Germany', 'AachenOpen2009', '666', 'c', 'm', 28943, 26652, 26641, 0, 0, 26641, 27412, '', ''),
(10078, 5, '2006GALE01', 'Arnaud van Galen', 'Netherlands', 'AachenOpen2009', '666', 'c', 'm', 31656, 26105, 29142, 0, 0, 26105, 28968, '', ''),
(10079, 6, '2004GALL02', 'Clément Gallet', 'France', 'AachenOpen2009', '666', 'c', 'm', 29528, 35186, 29975, 0, 0, 29528, 31563, 'NR', 'NR'),
(10080, 7, '2007LEMO01', 'Laetitia Lemoine', 'France', 'AachenOpen2009', '666', 'c', 'm', 33078, 36590, 32263, 0, 0, 32263, 33977, '', ''),
(10081, 8, '2007CHRI03', 'Tobias Christlieb', 'Germany', 'AachenOpen2009', '666', 'c', 'm', 35056, 33104, 34451, 0, 0, 33104, 34204, '', ''),
(10082, 9, '2008COUR01', 'François Courtès', 'France', 'AachenOpen2009', '666', 'c', 'm', 38355, 0, 0, 0, 0, 38355, 0, '', ''),
(10083, 10, '2008DENI01', 'Hakan Deniz', 'Netherlands', 'AachenOpen2009', '666', 'c', 'm', 39491, 0, 0, 0, 0, 39491, 0, '', ''),
(10084, 11, '2008KARL02', 'Moritz Karl', 'Germany', 'AachenOpen2009', '666', 'c', 'm', 39743, 0, 0, 0, 0, 39743, 0, '', ''),
(10085, 12, '2003BRUC01', 'Ron van Bruchem', 'Netherlands', 'AachenOpen2009', '666', 'c', 'm', 42211, 0, 0, 0, 0, 42211, 0, '', ''),
(10086, 13, '2005THOM01', 'Reiner Thomsen', 'Germany', 'AachenOpen2009', '666', 'c', 'm', 44255, 0, 0, 0, 0, 44255, 0, '', ''),
(10087, 14, '2003VAND01', 'Lars Vandenbergh', 'Belgium', 'AachenOpen2009', '666', 'c', 'm', 44708, 0, 0, 0, 0, 44708, 0, '', ''),
(10088, 15, '2003DENN01', 'Ton Dennenbroek', 'Netherlands', 'AachenOpen2009', '666', 'c', 'm', 45058, 0, 0, 0, 0, 45058, 0, '', ''),
(10089, 16, '2007STRE01', 'Dennis Strehlau', 'Germany', 'AachenOpen2009', '666', 'c', 'm', 52553, 0, 0, 0, 0, 52553, 0, '', ''),
(10090, 17, '2007ORTR01', 'Raffael Ort', 'Germany', 'AachenOpen2009', '666', 'c', 'm', 54138, 0, 0, 0, 0, 54138, 0, '', ''),
(10091, 18, '2007PERD01', 'Antoine Perdereau', 'France', 'AachenOpen2009', '666', 'c', 'm', 59096, 0, 0, 0, 0, 59096, 0, '', ''),
(10092, 19, '2009LAND01', 'Micha Landoll', 'Germany', 'AachenOpen2009', '666', 'c', 'm', -1, 0, 0, 0, 0, -1, 0, '', ''),
(10093, 19, '2009LERN01', 'David Lerner', 'Germany', 'AachenOpen2009', '666', 'c', 'm', -1, 0, 0, 0, 0, -1, 0, '', ''),
(10094, 1, '2005AKKE01', 'Erik Akkersdijk', 'Netherlands', 'AachenOpen2009', '777', 'c', 'm', 36446, 28441, 31615, 0, 0, 28441, 32167, 'WR', 'WR'),
(10095, 2, '2007VALK01', 'Mats Valk', 'Netherlands', 'AachenOpen2009', '777', 'c', 'm', 39631, 37683, 37603, 0, 0, 37603, 38306, '', ''),
(10096, 3, '2003POCH01', 'Stefan Pochmann', 'Germany', 'AachenOpen2009', '777', 'c', 'm', 42509, 39034, 45531, 0, 0, 39034, 42358, 'NR', 'NR'),
(10097, 4, '2006GALE01', 'Arnaud van Galen', 'Netherlands', 'AachenOpen2009', '777', 'c', 'm', 41494, 46884, 41072, 0, 0, 41072, 43150, '', ''),
(10098, 5, '2008AURO01', 'Sébastien Auroux', 'Germany', 'AachenOpen2009', '777', 'c', 'm', 42419, 42294, 45517, 0, 0, 42294, 43410, '', ''),
(10099, 6, '2007CHRI03', 'Tobias Christlieb', 'Germany', 'AachenOpen2009', '777', 'c', 'm', 42979, 47325, 41747, 0, 0, 41747, 44017, '', ''),
(10100, 7, '2008KARL02', 'Moritz Karl', 'Germany', 'AachenOpen2009', '777', 'c', 'm', 45097, 44535, 46861, 0, 0, 44535, 45498, '', ''),
(10101, 8, '2007LEMO01', 'Laetitia Lemoine', 'France', 'AachenOpen2009', '777', 'c', 'm', 46163, 47403, 46291, 0, 0, 46163, 46619, '', 'NR'),
(10102, 9, '2008BLOH02', 'Robin Blöhm', 'Germany', 'AachenOpen2009', '777', 'c', 'm', 44656, 52051, 43603, 0, 0, 43603, 46770, '', ''),
(10103, 10, '2007HABE01', 'Tim Habermaas', 'Germany', 'AachenOpen2009', '777', 'c', 'm', 46746, 51678, 48058, 0, 0, 46746, 48827, '', ''),
(10104, 11, '2008DIEW01', 'Jens Diewald', 'Germany', 'AachenOpen2009', '777', 'c', 'm', 50300, 51275, 45122, 0, 0, 45122, 48899, '', ''),
(10105, 12, '2004GALL02', 'Clément Gallet', 'France', 'AachenOpen2009', '777', 'c', 'm', 50975, 47094, 49231, 0, 0, 47094, 49100, '', ''),
(10106, 13, '2007DUSS01', 'Gaël Dusser', 'France', 'AachenOpen2009', '777', 'c', 'm', 52643, 50622, 51655, 0, 0, 50622, 51640, '', ''),
(10107, 14, '2003BRUC01', 'Ron van Bruchem', 'Netherlands', 'AachenOpen2009', '777', 'c', 'm', 51928, 59294, 51188, 0, 0, 51188, 54137, '', ''),
(10108, 15, '2007ORTR01', 'Raffael Ort', 'Germany', 'AachenOpen2009', '777', 'c', 'm', 55983, 0, 0, 0, 0, 55983, 0, '', ''),
(10109, 16, '2008COUR01', 'François Courtès', 'France', 'AachenOpen2009', '777', 'c', 'm', 56309, 0, 0, 0, 0, 56309, 0, '', ''),
(10110, 17, '2008HACK01', 'Axel Häck', 'Germany', 'AachenOpen2009', '777', 'c', 'm', 56415, 0, 0, 0, 0, 56415, 0, '', ''),
(10111, 18, '2007STRE01', 'Dennis Strehlau', 'Germany', 'AachenOpen2009', '777', 'c', 'm', 58340, 0, 0, 0, 0, 58340, 0, '', ''),
(10112, 19, '2008DENI01', 'Hakan Deniz', 'Netherlands', 'AachenOpen2009', '777', 'c', 'm', 60700, 0, 0, 0, 0, 60700, 0, '', ''),
(10113, 20, '2004NOOR01', 'Joël van Noort', 'Netherlands', 'AachenOpen2009', '777', 'c', 'm', 68100, 0, 0, 0, 0, 68100, 0, '', ''),
(10114, 21, '2005THOM01', 'Reiner Thomsen', 'Germany', 'AachenOpen2009', '777', 'c', 'm', 71400, 0, 0, 0, 0, 71400, 0, '', ''),
(10115, 22, '2007PERD01', 'Antoine Perdereau', 'France', 'AachenOpen2009', '777', 'c', 'm', 93300, 0, 0, 0, 0, 93300, 0, '', ''),
(10116, 23, '2003VAND01', 'Lars Vandenbergh', 'Belgium', 'AachenOpen2009', '777', 'c', 'm', -1, 0, 0, 0, 0, -1, 0, '', ''),
(10117, 23, '2003DENN01', 'Ton Dennenbroek', 'Netherlands', 'AachenOpen2009', '777', 'c', 'm', -1, 0, 0, 0, 0, -1, 0, '', ''),
(10126, 1, '2008BARA01', 'Bence Barát', 'Hungary', 'SwissOpen2009', '666', 'c', 'm', 24091, 20093, 23346, 0, 0, 20093, 22510, 'NR', 'NR'),
(10127, 2, '2007PERG01', 'Olivér Perge', 'Hungary', 'SwissOpen2009', '666', 'c', 'm', 25994, 23432, 21888, 0, 0, 21888, 23771, '', ''),
(10128, 3, '2007HUBE01', 'Stefan Huber', 'Austria', 'SwissOpen2009', '666', 'c', 'm', 22062, 26775, 22811, 0, 0, 22062, 23883, 'NR', 'NR'),
(10129, 4, '2007LEMO01', 'Laetitia Lemoine', 'France', 'SwissOpen2009', '666', 'c', 'm', 32688, 34846, 37001, 0, 0, 32688, 34845, '', ''),
(10130, 5, '2004GALL02', 'Clément Gallet', 'France', 'SwissOpen2009', '666', 'c', 'm', 44455, 0, 0, 0, 0, 44455, 0, '', ''),
(10131, 6, '2008COUR01', 'François Courtès', 'France', 'SwissOpen2009', '666', 'c', 'm', 48728, 0, 0, 0, 0, 48728, 0, '', ''),
(10132, 7, '2005BATI01', 'Milán Baticz', 'Hungary', 'SwissOpen2009', '666', 'c', 'm', -1, 0, 0, 0, 0, -1, 0, '', ''),
(10133, 1, '2006HALC01', 'Michal Halczuk', 'Poland', 'GalantaOpen2009', '777', 'c', 'm', 24591, 28156, 31708, 0, 0, 24591, 28152, 'WR', 'WR'),
(10134, 2, '2008HEJJ01', 'Norbert Héjja', 'Hungary', 'GalantaOpen2009', '777', 'c', 'm', 31911, 31441, 36053, 0, 0, 31441, 33135, 'NR', 'NR'),
(10135, 3, '2005NAGY01', 'Richárd Nagy', 'Hungary', 'GalantaOpen2009', '777', 'c', 'm', 34550, 34515, 35830, 0, 0, 34515, 34965, '', ''),
(10136, 4, '2008WEHO01', 'Rudolf Wehofer', 'Hungary', 'GalantaOpen2009', '777', 'c', 'm', 38238, 34300, 35490, 0, 0, 34300, 36009, '', ''),
(10137, 5, '2007BERN01', 'Balázs Bernát', 'Hungary', 'GalantaOpen2009', '777', 'c', 'm', 41434, 36356, 32265, 0, 0, 32265, 36685, '', ''),
(10138, 6, '2007ROKA01', 'Péter Róka', 'Hungary', 'GalantaOpen2009', '777', 'c', 'm', 38590, 35552, 37231, 0, 0, 35552, 37124, '', ''),
(10139, 7, '2008WOJT01', 'Marek Wójtowicz', 'Poland', 'GalantaOpen2009', '777', 'c', 'm', 44146, 38550, 40097, 0, 0, 38550, 40931, '', ''),
(10140, 8, '2008VARG01', 'Dániel Varga', 'Hungary', 'GalantaOpen2009', '777', 'c', 'm', 45597, 39652, 45765, 0, 0, 39652, 43671, '', ''),
(10141, 9, '2007BODO01', 'Bertalan Bodor', 'Hungary', 'GalantaOpen2009', '777', 'c', 'm', 40496, 52231, 0, 0, 0, 40496, 0, '', ''),
(10142, 10, '2008TROM01', 'Péter Trombitás', 'Hungary', 'GalantaOpen2009', '777', 'c', 'm', 53055, -1, 0, 0, 0, 53055, 0, '', ''),
(10143, 11, '2008FORG01', 'Dániel Forgó', 'Hungary', 'GalantaOpen2009', '777', 'c', 'm', 55509, 53311, 0, 0, 0, 53311, 0, '', ''),
(10144, 12, '2008BALA01', 'Szabolcs Balázsi', 'Hungary', 'GalantaOpen2009', '777', 'c', 'm', 55330, 54619, 0, 0, 0, 54619, 0, '', ''),
(10145, 13, '2008BODO01', 'Bálint Bodor', 'Hungary', 'GalantaOpen2009', '777', 'c', 'm', 56831, 55086, 0, 0, 0, 55086, 0, '', ''),
(10146, 14, '2009TORO02', 'Marcell Töröcsik', 'Hungary', 'GalantaOpen2009', '777', 'c', 'm', -1, 0, 0, 0, 0, -1, 0, '', ''),
(10147, 14, '2008OBRI01', 'Szabolcs Obriton', 'Hungary', 'GalantaOpen2009', '777', 'c', 'm', -1, 0, 0, 0, 0, -1, 0, '', ''),
(10148, 1, '2008HEJJ01', 'Norbert Héjja', 'Hungary', 'GalantaOpen2009', '666', 'c', 'm', 21275, 18841, 28000, 0, 0, 18841, 22705, 'NR', 'NR'),
(10149, 2, '2008WOJT01', 'Marek Wójtowicz', 'Poland', 'GalantaOpen2009', '666', 'c', 'm', 24769, 24269, 29722, 0, 0, 24269, 26253, '', 'NR'),
(10150, 3, '2007ROKA02', 'Gábor Róka', 'Hungary', 'GalantaOpen2009', '666', 'c', 'm', 29936, 32890, 37061, 0, 0, 29936, 33296, '', ''),
(10151, 4, '2006HALC01', 'Michal Halczuk', 'Poland', 'GalantaOpen2009', '666', 'c', 'm', 18756, -1, 16100, 0, 0, 16100, -1, 'WR', ''),
(10152, 5, '2007BERN01', 'Balázs Bernát', 'Hungary', 'GalantaOpen2009', '666', 'c', 'm', -1, 26172, 24159, 0, 0, 24159, -1, '', ''),
(10153, 6, '2008VARG01', 'Dániel Varga', 'Hungary', 'GalantaOpen2009', '666', 'c', 'm', 37791, 33561, 0, 0, 0, 33561, 0, '', ''),
(10154, 7, '2007KOVA01', 'Dániel Kovács', 'Hungary', 'GalantaOpen2009', '666', 'c', 'm', 34036, 37086, 0, 0, 0, 34036, 0, '', ''),
(10155, 8, '2008TROM01', 'Péter Trombitás', 'Hungary', 'GalantaOpen2009', '666', 'c', 'm', 56107, -2, 0, 0, 0, 56107, 0, '', ''),
(10156, 9, '2007BODO01', 'Bertalan Bodor', 'Hungary', 'GalantaOpen2009', '666', 'c', 'm', -1, -1, 0, 0, 0, -1, 0, '', '');

--
-- Indexes for dumped tables
--

--
-- Indexes for table `Competitions`
--
ALTER TABLE `Competitions`
  ADD PRIMARY KEY (`id`);

--
-- Indexes for table `Continents`
--
ALTER TABLE `Continents`
  ADD PRIMARY KEY (`id`);

--
-- Indexes for table `Countries`
--
ALTER TABLE `Countries`
  ADD PRIMARY KEY (`id`),
  ADD KEY `fk_continents` (`continentId`);

--
-- Indexes for table `Events`
--
ALTER TABLE `Events`
  ADD PRIMARY KEY (`id`);

--
-- Indexes for table `Formats`
--
ALTER TABLE `Formats`
  ADD PRIMARY KEY (`id`);

--
-- Indexes for table `Persons`
--
ALTER TABLE `Persons`
  ADD PRIMARY KEY (`id`,`subId`),
  ADD KEY `countryId` (`countryId`);

--
-- Indexes for table `Results`
--
ALTER TABLE `Results`
  ADD PRIMARY KEY (`id`),
  ADD KEY `fk_competitor` (`personName`),
  ADD KEY `fk_tournament` (`competitionId`),
  ADD KEY `fk_event` (`eventId`),
  ADD KEY `fk_round` (`roundId`),
  ADD KEY `fk_format` (`formatId`);

--
-- Indexes for table `Rounds`
--
ALTER TABLE `Rounds`
  ADD PRIMARY KEY (`id`);

--
-- Indexes for table `ZZZZEvents`
--
ALTER TABLE `ZZZZEvents`
  ADD PRIMARY KEY (`id`);

--
-- Indexes for table `ZZZZResults`
--
ALTER TABLE `ZZZZResults`
  ADD PRIMARY KEY (`id`),
  ADD KEY `fk_competitor` (`personName`),
  ADD KEY `fk_tournament` (`competitionId`),
  ADD KEY `fk_event` (`eventId`),
  ADD KEY `fk_round` (`roundId`),
  ADD KEY `fk_format` (`formatId`);

--
-- AUTO_INCREMENT for dumped tables
--

--
-- AUTO_INCREMENT for table `Results`
--
ALTER TABLE `Results`
  MODIFY `id` int(11) NOT NULL AUTO_INCREMENT, AUTO_INCREMENT=10523;

--
-- AUTO_INCREMENT for table `ZZZZResults`
--
ALTER TABLE `ZZZZResults`
  MODIFY `id` int(11) NOT NULL AUTO_INCREMENT, AUTO_INCREMENT=10354;
COMMIT;

/*!40101 SET CHARACTER_SET_CLIENT=@OLD_CHARACTER_SET_CLIENT */;
/*!40101 SET CHARACTER_SET_RESULTS=@OLD_CHARACTER_SET_RESULTS */;
/*!40101 SET COLLATION_CONNECTION=@OLD_COLLATION_CONNECTION */;
